Date,DEW,KA1,OC1,SLP,TMP,VIS,WND
2021-01-01,0.32916666666666666,18.5,7.2,9999.9,0.9187500000000001,4.958333333333333,56.43333333333334
2021-01-02,0.20638297872340425,18.4,7.2,9999.9,0.9978723404255319,4.723404255319149,61.5
2021-01-03,0.42826086956521736,20.5,7.2,9999.9,1.3108695652173912,4.369565217391305,68.87391304347827
2021-01-04,2.9000000000000004,17.4,7.2,9999.9,1.3229166666666667,43.61454166666667,55.78541666666667
2021-01-05,0.789795918367347,19.2,7.2,9999.9,1.3326530612244898,2.9693877551020407,69.93469387755103
2021-01-06,0.6612244897959183,23.8,7.2,9999.9,1.4020408163265308,6.234591836734694,51.775510204081634
2021-01-07,4.638297872340425,23.8,7.2,9999.9,1.3595744680851063,6.404106382978723,41.37659574468085
2021-01-08,0.43617021276595747,21.4,7.2,9999.9,1.2212765957446807,6.531765957446808,47.261702127659575
2021-01-09,0.4673469387755102,22.4,7.2,9999.9,1.2938775510204081,5.5611428571428565,45.06938775510204
2021-01-10,0.31875000000000003,23.7,7.2,9999.9,1.325,5.979083333333333,37.74583333333334
2021-01-11,0.5708333333333333,21.8,7.2,9999.9,1.2249999999999999,4.802083333333333,47.58958333333334
2021-01-12,2.7895833333333333,18.6,7.2,9999.9,3.189583333333333,45.37495833333333,38.68125
2021-01-13,2.75,18.0,7.2,9999.9,3.1875,3.1770833333333335,51.856249999999996
2021-01-14,0.725,18.2,7.2,9999.9,1.1083333333333334,3.5104166666666665,54.831250000000004
2021-01-15,0.7617021276595745,19.8,7.2,9999.9,1.146808510638298,3.404255319148936,48.900000000000006
2021-01-16,0.6787234042553191,19.5,7.2,9999.9,1.2106382978723405,4.574468085106383,41.67446808510638
2021-01-17,0.7021739130434782,19.0,7.2,9999.9,1.2543478260869565,4.717391304347826,62.40217391304348
2021-01-18,0.6857142857142857,20.6,7.2,9999.9,1.2836734693877552,5.418367346938775,58.52448979591837
2021-01-19,0.580392156862745,19.2,7.2,9999.9,1.1686274509803922,5.568627450980392,50.001960784313724
2021-01-20,0.5579999999999999,12.0,7.2,9999.9,1.09,4.97,50.582
2021-01-21,0.43124999999999997,18.5,7.2,9999.9,1.0270833333333333,4.46875,54.456250000000004
2021-01-22,0.5358490566037736,11.25,7.2,9999.9,1.0188679245283019,4.349056603773585,57.1433962264151
2021-01-23,0.622,11.75,7.2,9999.9,1.122,4.36,47.04600000000001
2021-01-24,0.5846153846153845,11.7,7.2,9999.9,1.0846153846153845,4.740384615384615,47.52307692307693
2021-01-25,0.4807692307692308,10.85,7.2,9999.9,1.0326923076923078,4.826923076923077,49.61538461538461
2021-01-26,0.3903846153846154,10.4,7.2,9999.9,1.0230769230769232,5.596153846153846,41.41346153846154
2021-01-27,0.32500000000000007,10.5,7.2,9999.9,1.001923076923077,5.403846153846154,45.92692307692308
2021-01-28,0.296078431372549,2.0,7.2,9999.9,1.0019607843137255,5.098039215686274,46.55098039215686
2021-01-29,0.28431372549019607,10.9,7.2,9999.9,1.0392156862745099,5.735294117647059,49.13725490196079
2021-01-30,0.17647058823529413,2.4,7.2,9999.9,0.9588235294117646,6.254901960784314,43.71372549019608
2021-01-31,0.21923076923076923,10.4,7.2,9999.9,0.9615384615384616,6.0576923076923075,42.25769230769231
2021-02-01,0.27450980392156865,10.65,7.2,9999.9,0.9823529411764707,5.382352941176471,40.482352941176465
2021-02-02,0.3230769230769231,11.299999999999999,7.2,9999.9,1.0826923076923078,5.451923076923077,51.91923076923077
2021-02-03,0.37799999999999995,11.8,7.2,9999.9,1.17,5.71,50.482
2021-02-04,0.35714285714285715,11.8,7.2,9999.9,1.2142857142857142,6.26530612244898,36.12040816326531
2021-02-05,0.47959183673469385,3.5,7.2,9999.9,1.0979591836734692,5.469387755102041,48.47346938775511
2021-02-06,0.4666666666666667,12.35,7.2,9999.9,0.8666666666666667,6.196078431372549,41.241176470588236
2021-02-07,0.27547169811320754,9.75,7.2,9999.9,0.9679245283018867,6.848811320754717,38.5377358490566
2021-02-08,0.2846153846153846,12.15,7.2,9999.9,1.225,6.230769230769231,40.223076923076924
2021-02-09,0.5795454545454546,3.7,7.2,9999.9,1.2204545454545455,6.056818181818182,47.07727272727273
2021-02-10,0.7310344827586207,6.4,7.2,9999.9,1.3275862068965518,3.913793103448276,45.00344827586208
2021-02-11,0.6333333333333333,6.4,7.2,9999.9,0.6666666666666666,3.1666666666666665,8.333333333333334
2021-02-12,0.6333333333333333,6.4,7.2,9999.9,0.6666666666666666,3.1666666666666665,8.333333333333334
2021-02-13,0.9481481481481482,21.2,7.2,9999.9,1.3222222222222224,4.925925925925926,49.0
2021-02-14,0.924,21.2,7.2,9999.9,1.4480000000000002,4.21,48.104000000000006
2021-02-15,0.8846153846153846,7.8,7.2,9999.9,1.4115384615384616,3.730769230769231,43.43269230769231
2021-02-16,0.7489795918367348,22.5,7.2,9999.9,1.3918367346938776,5.040816326530612,43.98979591836735
2021-02-17,0.551923076923077,14.9,7.2,9999.9,1.353846153846154,6.0576923076923075,52.28653846153846
2021-02-18,0.5102040816326531,22.0,7.2,9999.9,1.2959183673469388,6.051020408163265,41.826530612244895
2021-02-19,0.4333333333333333,4.4,7.2,9999.9,1.4962962962962962,5.981481481481482,41.34074074074074
2021-02-20,0.4333333333333333,4.4,7.2,9999.9,1.4962962962962962,5.981481481481482,41.34074074074074
2021-02-21,0.6555555555555554,4.4,7.2,9999.9,1.0222222222222224,5.888888888888889,49.400000000000006
2021-02-22,0.8666666666666667,4.4,7.2,9999.9,1.5933333333333335,4.533333333333333,47.69777777777778
2021-02-23,0.9425531914893617,24.8,7.2,9999.9,1.6574468085106384,4.98936170212766,45.691489361702125
2021-02-24,0.9787234042553191,24.8,7.2,9999.9,1.668085106382979,4.351063829787234,46.223404255319146
2021-02-25,1.1543478260869566,24.8,7.2,9999.9,1.6652173913043478,3.152173913043478,49.65652173913044
2021-02-26,1.2086956521739132,9.6,7.2,9999.9,1.7043478260869567,3.4347826086956523,46.74782608695652
2021-02-27,1.1837209302325582,25.4,11.05,9999.9,1.830232558139535,3.9302325581395348,48.641860465116274
2021-02-28,3.3204545454545453,25.4,11.05,9999.9,1.8636363636363635,5.318181818181818,44.62954545454546
2021-03-01,2.822448979591837,18.95,11.05,9999.9,3.7448979591836733,6.081632653061225,43.012244897959185
2021-03-02,2.268627450980392,16.45,11.05,9999.9,1.5352941176470587,7.156686274509804,39.050980392156866
2021-03-03,2.327450980392157,16.099999999999998,11.05,9999.9,1.550980392156863,6.303921568627451,34.25294117647059
2021-03-04,0.6547169811320755,16.45,11.05,9999.9,1.560377358490566,5.867924528301887,36.316981132075476
2021-03-05,0.8641509433962264,16.8,11.05,9999.9,1.4943396226415095,5.245283018867925,56.63396226415095
2021-03-06,0.9113207547169813,16.15,11.05,9999.9,1.509433962264151,62.11032075471699,40.990566037735846
2021-03-07,1.1211538461538462,15.75,11.05,9999.9,1.5173076923076925,4.211538461538462,47.84423076923077
2021-03-08,1.0264150943396226,19.05,11.05,9999.9,1.7132075471698112,5.264150943396227,41.820754716981135
2021-03-09,4.6557692307692315,18.6,11.3,9999.9,1.8096153846153844,7.019019230769231,49.119230769230775
2021-03-10,0.9673076923076922,18.9,14.4,9999.9,1.723076923076923,6.288461538461538,50.13846153846154
2021-03-11,0.9377358490566038,18.35,14.4,9999.9,1.8,62.41503773584906,51.11509433962264
2021-03-12,1.0442307692307693,19.3,14.4,9999.9,1.9134615384615385,25.009596153846154,29.221153846153847
2021-03-13,0.9826923076923078,17.799999999999997,14.4,9999.9,1.573076923076923,6.076923076923077,43.853846153846156
2021-03-14,1.075,17.55,14.4,9999.9,1.75,5.886363636363637,43.87954545454546
2021-03-15,1.0192307692307692,18.55,14.4,9999.9,1.7538461538461538,5.423076923076923,43.75769230769231
2021-03-16,1.035294117647059,18.75,14.4,9999.9,1.8254901960784313,5.107843137254902,40.83529411764706
2021-03-17,0.8913043478260869,18.75,14.4,9999.9,1.8239130434782609,5.054347826086956,36.43260869565218
2021-03-18,0.974468085106383,19.0,14.4,9999.9,1.8553191489361702,4.202127659574468,43.88510638297872
2021-03-19,4.7250000000000005,19.45,14.4,9999.9,1.9134615384615385,4.5576923076923075,40.34038461538462
2021-03-20,2.748979591836735,19.5,14.4,9999.9,1.8816326530612246,5.3061224489795915,43.99183673469388
2021-03-21,2.588235294117647,19.35,14.4,9999.9,1.919607843137255,5.627450980392157,44.28431372549019
2021-03-22,0.7557692307692307,28.0,14.4,9999.9,1.9384615384615385,3.9326923076923075,42.93269230769231
2021-03-23,2.7173076923076924,20.1,14.4,9999.9,2.025,3.875,42.24038461538461
2021-03-24,0.6807692307692308,20.55,14.4,9999.9,1.9903846153846154,43.576884615384614,38.11346153846154
2021-03-25,2.1865384615384618,19.5,14.4,9999.9,1.8923076923076925,5.384615384615385,28.46923076923077
2021-03-26,0.5673076923076923,18.85,14.4,9999.9,1.794230769230769,2.9903846153846154,42.892307692307696
2021-03-27,0.7584905660377359,26.3,14.4,9999.9,1.7792452830188679,1.990566037735849,38.95471698113207
2021-03-28,0.8307692307692308,17.9,14.4,9999.9,1.75,21.259596153846154,53.66923076923077
2021-03-29,0.9173076923076924,18.0,14.4,9999.9,1.8326923076923076,1.9134615384615385,47.25384615384616
2021-03-30,1.030188679245283,19.35,7.7,9999.9,1.9603773584905662,3.0660377358490565,29.643396226415096
2021-03-31,1.3211538461538461,19.4,7.7,9999.9,1.823076923076923,3.144230769230769,44.75961538461539
2021-04-01,1.0115384615384615,20.3,7.7,9999.9,1.7807692307692307,5.586538461538462,39.16538461538462
2021-04-02,0.5096153846153846,18.55,7.7,9999.9,1.8153846153846156,6.4326923076923075,36.0923076923077
2021-04-03,5.984,18.299999999999997,7.7,9999.9,1.876,5.92,35.438
2021-04-04,4.154,9.0,7.7,9999.9,1.806,3.34,48.102
2021-04-05,0.5333333333333333,18.5,7.7,9999.9,1.803921568627451,2.519607843137255,33.056862745098044
2021-04-06,0.7716981132075471,18.45,7.7,9999.9,1.8113207547169812,2.160377358490566,51.80754716981132
2021-04-07,3.0,19.9,7.7,9999.9,2.0313725490196077,2.7254901960784315,35.72352941176471
2021-04-08,8.964,21.85,10.3,9999.9,2.082,5.14,44.67
2021-04-09,6.657692307692309,20.65,13.9,9999.9,1.9115384615384616,6.461538461538462,37.13269230769231
2021-04-10,0.5588235294117647,20.2,13.9,9999.9,1.9941176470588236,7.7644705882352945,38.898039215686275
2021-04-11,2.3666666666666667,21.2,13.9,9999.9,2.1058823529411765,5.970588235294118,40.19019607843138
2021-04-12,2.3372549019607844,13.0,13.9,9999.9,2.0215686274509803,3.676470588235294,38.40588235294118
2021-04-13,0.6807692307692308,20.8,13.9,9999.9,2.0,4.8173076923076925,34.74615384615385
2021-04-14,0.8730769230769231,20.9,13.9,9999.9,2.1384615384615384,4.4326923076923075,45.236538461538466
2021-04-15,0.9653846153846154,22.25,13.8,9999.9,2.148076923076923,5.173076923076923,42.51346153846154
2021-04-16,1.2061224489795919,19.55,13.8,9999.9,1.6734693877551021,5.826530612244898,51.65102040816327
2021-04-17,1.2040816326530612,19.9,21.1,9999.9,1.873469387755102,6.13265306122449,47.86326530612245
2021-04-18,1.0122448979591836,20.1,14.4,9999.9,1.8755102040816327,7.509979591836736,45.35918367346939
2021-04-19,1.0196078431372548,19.25,14.4,9999.9,1.9588235294117649,8.078176470588236,50.37450980392157
2021-04-20,1.092,21.5,14.4,9999.9,2.158,6.89984,49.144000000000005
2021-04-21,1.162,18.65,14.4,9999.9,1.834,5.44,31.856000000000005
2021-04-22,0.89,19.75,14.4,9999.9,1.786,8.26964,23.214000000000002
2021-04-23,0.72,19.65,14.4,9999.9,2.064,48.67944000000001,41.99400000000001
2021-04-24,0.7211538461538461,21.75,14.4,9999.9,2.2346153846153847,8.345826923076924,37.38461538461539
2021-04-25,2.701923076923077,22.7,14.4,9999.9,2.2961538461538464,7.999750000000001,36.861538461538466
2021-04-26,0.8596153846153847,22.5,14.4,9999.9,2.2903846153846152,6.75,29.273076923076925
2021-04-27,0.8980392156862744,23.0,14.4,9999.9,2.298039215686275,6.049019607843137,41.44117647058823
2021-04-28,1.0627450980392157,22.75,14.4,9999.9,2.3215686274509806,5.754901960784314,31.64901960784314
2021-04-29,1.2980392156862746,22.75,14.4,9999.9,1.8509803921568628,6.009803921568627,53.26666666666667
2021-04-30,1.268,20.35,14.4,9999.9,1.946,6.28,40.728
2021-05-01,1.4423076923076923,21.3,14.4,9999.9,1.955769230769231,25.201903846153847,45.542307692307695
2021-05-02,1.538,21.2,14.4,9999.9,1.742,5.54,72.272
2021-05-03,1.594,21.15,14.4,9999.9,2.01,5.348,50.242
2021-05-04,1.5941176470588234,20.9,14.4,9999.9,1.8352941176470587,6.0588235294117645,42.65294117647059
2021-05-05,1.5333333333333334,19.95,14.4,9999.9,1.9254901960784314,6.8431372549019605,31.07843137254902
2021-05-06,1.54,20.700000000000003,14.4,9999.9,1.9880000000000002,6.36,42.928000000000004
2021-05-07,1.5076923076923074,21.25,14.4,9999.9,2.003846153846154,6.759461538461538,50.190384615384616
2021-05-08,1.2862745098039214,14.5,14.4,9999.9,2.0568627450980395,7.0588235294117645,46.06666666666667
2021-05-09,1.274,21.25,14.4,9999.9,2.064,8.439680000000001,40.714
2021-05-10,1.53,20.7,14.4,9999.9,1.912,26.099980000000002,31.738000000000003
2021-05-11,1.5862745098039217,19.65,14.4,9999.9,1.888235294117647,6.372549019607843,59.127450980392155
2021-05-12,1.5647058823529412,19.1,14.4,9999.9,1.7960784313725489,6.764705882352941,43.962745098039214
2021-05-13,1.501923076923077,18.6,14.4,9999.9,1.7673076923076925,25.846134615384617,63.71153846153846
2021-05-14,1.4020833333333333,20.9,14.4,9999.9,2.09375,8.332979166666666,45.51458333333334
2021-05-15,1.446,22.200000000000003,14.4,9999.9,2.222,8.459579999999999,45.59
2021-05-16,1.278,23.1,14.4,9999.9,2.412,8.35968,42.294000000000004
2021-05-17,1.544,22.65,14.4,9999.9,2.398,7.99976,42.59400000000001
2021-05-18,1.692,24.15,14.4,9999.9,4.274,6.72,53.082
2021-05-19,1.8291666666666666,18.5,14.4,9999.9,2.0791666666666666,5.1875,73.80625
2021-05-20,1.8719999999999999,20.450000000000003,14.4,9999.9,1.976,6.29,48.7
2021-05-21,3.7326923076923078,24.15,14.4,9999.9,4.194230769230769,7.55748076923077,40.37884615384616
2021-05-22,1.853061224489796,25.65,14.4,9999.9,2.4653061224489794,8.509857142857143,38.204081632653065
2021-05-23,1.8980000000000001,25.9,14.4,9999.9,2.548,8.67962,44.571999999999996
2021-05-24,1.7895833333333335,26.1,11.3,9999.9,2.4770833333333333,7.2706875,40.34791666666667
2021-05-25,1.876,24.05,11.3,9999.9,2.206,7.04,43.468
2021-05-26,3.872549019607843,20.450000000000003,11.3,9999.9,2.015686274509804,25.647039215686274,53.666666666666664
2021-05-27,1.9803921568627452,20.8,11.3,9999.9,2.0215686274509803,6.519607843137255,64.63529411764706
2021-05-28,1.8215686274509806,19.200000000000003,11.3,9999.9,1.8862745098039215,6.254901960784314,15.501960784313725
2021-05-29,1.8897959183673467,22.9,11.3,9999.9,2.193877551020408,7.428571428571429,33.20204081632653
2021-05-30,1.9215686274509804,23.1,11.3,9999.9,2.282352941176471,7.078431372549019,49.70392156862745
2021-05-31,1.9367346938775512,24.25,11.3,9999.9,2.3693877551020406,6.816326530612245,31.028571428571432
2021-06-01,1.883333333333333,24.299999999999997,11.3,9999.9,2.3125,7.270833333333333,43.306250000000006
2021-06-02,1.8282608695652172,30.6,11.3,9999.9,2.408695652173913,8.477913043478262,32.81086956521739
2021-06-03,1.854,24.25,11.3,9999.9,2.472,8.079780000000001,37.74
2021-06-04,1.9076923076923078,24.45,11.3,9999.9,2.4346153846153844,8.076673076923077,42.667307692307695
2021-06-05,1.814,25.3,11.3,9999.9,2.49,7.5798000000000005,45.074000000000005
2021-06-06,1.8687500000000001,24.65,11.3,9999.9,2.5395833333333333,7.395833333333333,43.1625
2021-06-07,1.8571428571428572,26.5,11.3,9999.9,2.63265306122449,8.101775510204082,49.66326530612245
2021-06-08,1.9551020408163264,25.85,11.3,9999.9,2.453061224489796,7.040816326530612,36.648979591836735
2021-06-09,2.026530612244898,25.450000000000003,11.3,9999.9,2.4020408163265308,7.020408163265306,32.67755102040817
2021-06-10,2.050980392156863,24.4,11.3,9999.9,2.286274509803922,6.529411764705882,45.39411764705882
2021-06-11,4.004081632653062,23.75,11.3,9999.9,2.257142857142857,6.744897959183674,57.11632653061225
2021-06-12,2.006382978723404,22.15,11.3,9999.9,2.1851063829787236,7.4678297872340424,61.734042553191486
2021-06-13,2.1021276595744682,24.8,11.3,9999.9,2.2297872340425533,7.574468085106383,81.77659574468085
2021-06-14,2.1612244897959183,23.95,11.3,9999.9,2.269387755102041,6.755102040816326,58.465306122448986
2021-06-15,2.119607843137255,22.6,11.3,9999.9,2.192156862745098,6.764705882352941,60.709803921568636
2021-06-16,2.094,22.85,11.3,9999.9,2.168,6.84,61.69
2021-06-17,2.096078431372549,23.15,11.3,9999.9,2.286274509803922,7.411764705882353,56.115686274509805
2021-06-18,2.086,24.2,11.3,9999.9,2.384,7.89992,45.95
2021-06-19,2.03125,24.2,11.3,9999.9,2.30625,8.3538125,47.92083333333334
2021-06-20,2.022448979591837,22.95,11.3,9999.9,2.240816326530612,7.755102040816326,39.64693877551021
2021-06-21,2.0408163265306123,24.5,11.3,9999.9,2.410204081632653,8.815979591836735,27.028571428571432
2021-06-22,2.0918367346938775,25.75,11.3,9999.9,2.526530612244898,8.53034693877551,38.42448979591837
2021-06-23,2.16,25.35,11.3,9999.9,2.3560000000000003,26.95998,44.926
2021-06-24,2.0941176470588236,24.6,11.3,9999.9,2.466666666666667,7.588235294117647,41.170588235294126
2021-06-25,2.119607843137255,23.799999999999997,11.3,9999.9,2.256862745098039,6.637254901960785,61.75294117647059
2021-06-26,2.03,22.25,11.3,9999.9,2.156,6.96986,70.31400000000001
2021-06-27,2.117391304347826,24.7,11.3,9999.9,2.4217391304347826,7.347652173913044,53.34782608695652
2021-06-28,2.144186046511628,24.4,11.3,9999.9,2.4465116279069767,7.255813953488372,32.68372093023256
2021-06-29,2.163265306122449,20.4,11.3,9999.9,2.442857142857143,7.040816326530612,57.38163265306123
2021-06-30,2.1803921568627453,25.0,11.3,9999.9,2.2941176470588234,5.264705882352941,47.45294117647059
2021-07-01,2.05,21.85,11.3,9999.9,2.1319999999999997,5.03,73.87200000000001
2021-07-02,2.074,21.4,11.3,9999.9,2.1180000000000003,5.44,74.928
2021-07-03,2.0645833333333337,23.65,11.3,9999.9,2.2875,6.5625,44.21875
2021-07-04,2.103921568627451,24.75,11.3,9999.9,2.4058823529411764,6.980392156862745,44.970588235294116
2021-07-05,2.19,25.95,11.3,9999.9,2.376,66.29994,50.4
2021-07-06,2.1843137254901963,24.7,11.3,9999.9,2.4627450980392154,7.215686274509804,32.98627450980392
2021-07-07,2.173469387755102,20.4,11.3,9999.9,2.4469387755102043,6.918367346938775,39.381632653061224
2021-07-08,2.156862745098039,23.45,11.3,9999.9,2.231372549019608,6.745098039215686,54.66078431372549
2021-07-09,2.145098039215686,24.700000000000003,11.3,9999.9,2.347058823529412,7.098039215686274,50.15882352941176
2021-07-10,2.1510204081632653,24.95,11.3,9999.9,2.295918367346939,5.887755102040816,53.40408163265307
2021-07-11,2.1333333333333333,20.4,11.3,9999.9,2.2416666666666667,6.864583333333333,36.57916666666667
2021-07-12,2.1630434782608696,24.35,11.3,9999.9,2.3173913043478263,7.586869565217391,47.50652173913044
2021-07-13,2.1192307692307693,25.2,11.3,9999.9,2.3576923076923078,7.076788461538461,57.47115384615385
2021-07-14,2.16,24.4,11.3,9999.9,2.374,6.96,41.152
2021-07-15,2.0980000000000003,23.85,11.3,9999.9,2.282,6.62,52.41400000000001
2021-07-16,2.108,22.8,11.3,9999.9,2.21,6.74,60.37
2021-07-17,2.144,24.15,11.3,9999.9,2.2640000000000002,5.97,59.346000000000004
2021-07-18,2.1470588235294117,24.8,11.3,9999.9,2.4,7.0,49.59019607843137
2021-07-19,2.178,24.85,11.3,9999.9,2.374,6.98,51.262
2021-07-20,2.1760869565217393,20.6,11.3,9999.9,2.258695652173913,6.391304347826087,49.415217391304346
2021-07-21,2.18,23.9,11.3,9999.9,2.294,6.7,52.11600000000001
2021-07-22,2.203921568627451,25.200000000000003,11.3,9999.9,2.4392156862745096,7.450980392156863,56.48235294117648
2021-07-23,4.125490196078432,26.25,11.3,9999.9,4.358823529411765,7.509666666666667,40.60196078431373
2021-07-24,2.2470588235294118,25.8,11.3,9999.9,2.5705882352941174,26.96064705882353,42.931372549019606
2021-07-25,2.1750000000000003,26.6,11.3,9999.9,2.378846153846154,6.538461538461538,45.407692307692315
2021-07-26,2.1764705882352944,22.7,11.3,9999.9,2.296078431372549,45.64701960784314,84.19607843137256
2021-07-27,2.169387755102041,24.35,11.3,9999.9,2.357142857142857,7.081448979591836,44.47551020408164
2021-07-28,2.144,24.65,11.3,9999.9,2.39,7.5198599999999995,46.006
2021-07-29,2.1180000000000003,24.700000000000003,11.3,9999.9,2.448,7.81988,57.036
2021-07-30,2.176923076923077,25.0,11.3,9999.9,2.3961538461538465,7.499903846153846,48.4673076923077
2021-07-31,2.1549019607843136,25.65,11.3,9999.9,2.5,8.352627450980393,27.966666666666665
2021-08-01,2.172,25.3,11.3,9999.9,2.432,8.339680000000001,30.324
2021-08-02,2.168085106382979,21.0,11.3,9999.9,2.402127659574468,7.7019361702127656,29.368085106382978
2021-08-03,4.504761904761905,21.0,11.3,9999.9,4.716666666666667,6.833333333333333,42.635714285714286
2021-08-04,2.1425531914893616,25.8,11.3,9999.9,2.2425531914893617,6.787234042553192,51.214893617021275
2021-08-05,2.024489795918367,24.4,11.3,9999.9,2.3857142857142857,8.101857142857142,48.89795918367347
2021-08-06,2.1625,26.1,11.3,9999.9,2.4854166666666666,28.5414375,52.89791666666667
2021-08-07,2.1620000000000004,25.0,11.3,9999.9,2.42,7.63992,41.312
2021-08-08,2.182352941176471,25.15,11.3,9999.9,2.347058823529412,6.607843137254902,64.59019607843138
2021-08-09,2.173076923076923,24.75,11.3,9999.9,2.4057692307692307,7.423076923076923,41.16538461538461
2021-08-10,2.18125,24.700000000000003,11.3,9999.9,2.4479166666666665,7.729083333333333,38.49583333333334
2021-08-11,2.2042553191489365,29.5,11.3,9999.9,2.4617021276595747,7.4892765957446805,37.67872340425532
2021-08-12,2.231372549019608,25.85,11.3,9999.9,2.364705882352941,6.392156862745098,37.79607843137255
2021-08-13,2.1865384615384618,24.9,11.3,9999.9,2.3846153846153846,6.673076923076923,37.24807692307692
2021-08-14,2.1882352941176473,24.95,11.3,9999.9,2.3784313725490196,7.117647058823529,28.21764705882353
2021-08-15,2.160416666666667,23.9,11.3,9999.9,2.3645833333333335,7.1875,40.825
2021-08-16,2.124,25.1,11.3,9999.9,2.452,7.9798599999999995,41.514
2021-08-17,2.156862745098039,25.299999999999997,11.3,9999.9,2.3588235294117648,6.313725490196078,41.55882352941177
2021-08-18,2.1403846153846158,24.65,11.3,9999.9,2.3076923076923075,6.384615384615385,48.50384615384616
2021-08-19,2.116,24.5,11.3,9999.9,2.35,7.72,44.148
2021-08-20,2.1137254901960785,24.35,11.3,9999.9,2.323529411764706,7.627450980392157,37.01568627450981
2021-08-21,2.1081632653061226,24.950000000000003,11.3,9999.9,2.3346938775510204,7.3061224489795915,41.79183673469388
2021-08-22,2.110204081632653,23.6,11.3,9999.9,2.3326530612244896,6.448979591836735,45.37959183673469
2021-08-23,2.1392156862745098,22.85,11.3,9999.9,2.1980392156862743,6.009803921568627,61.04509803921569
2021-08-24,2.126530612244898,23.9,11.3,9999.9,2.287755102040816,6.591836734693878,61.90816326530612
2021-08-25,2.1705882352941175,24.0,11.3,9999.9,2.3333333333333335,6.901960784313726,60.12941176470589
2021-08-26,2.128,23.95,11.3,9999.9,2.27,6.56,39.67
2021-08-27,3.9490196078431374,21.55,11.3,9999.9,2.1392156862745098,6.254901960784314,61.945098039215694
2021-08-28,2.062745098039216,23.25,11.3,9999.9,2.1470588235294117,25.999980392156864,78.5529411764706
2021-08-29,2.008,20.15,11.3,9999.9,2.0380000000000003,6.59,52.61200000000001
2021-08-30,2.063265306122449,28.0,11.3,9999.9,2.2142857142857144,6.795918367346939,58.848979591836745
2021-08-31,2.085714285714286,24.55,11.3,9999.9,2.3285714285714287,7.530489795918368,46.83877551020408
2021-09-01,4.23695652173913,19.9,11.3,9999.9,2.4065217391304348,7.173804347826087,48.68478260869565
2021-09-02,2.092156862745098,24.3,11.3,9999.9,2.3411764705882354,7.1568627450980395,48.79019607843138
2021-09-03,2.05,23.9,11.3,9999.9,2.232,7.25986,57.37200000000001
2021-09-04,2.061224489795918,24.5,11.3,9999.9,2.4448979591836735,7.897795918367347,50.638775510204084
2021-09-05,2.1220000000000003,25.5,11.3,9999.9,2.4859999999999998,7.0,39.838
2021-09-06,2.0770833333333334,24.15,11.3,9999.9,2.2583333333333333,6.46875,53.1875
2021-09-07,2.1145833333333335,24.9,11.3,9999.9,2.29375,7.208312500000001,43.487500000000004
2021-09-08,2.0549019607843135,24.65,11.3,9999.9,2.268627450980392,7.215686274509804,50.411764705882355
2021-09-09,2.0659574468085107,19.5,11.3,9999.9,2.174468085106383,6.9361702127659575,66.81063829787234
2021-09-10,3.9901960784313726,24.3,11.3,9999.9,2.311764705882353,7.548960784313726,46.43333333333333
2021-09-11,2.0693877551020408,24.8,11.3,9999.9,2.4489795918367347,7.897734693877552,43.17142857142857
2021-09-12,2.0693877551020408,26.0,11.3,9999.9,2.440816326530612,7.856979591836735,45.35510204081633
2021-09-13,2.0686274509803924,24.85,11.3,9999.9,2.331372549019608,7.686117647058824,43.25882352941177
2021-09-14,2.049019607843137,23.85,11.3,9999.9,2.372549019607843,7.627450980392157,56.46078431372549
2021-09-15,2.0215686274509803,22.2,11.3,9999.9,2.2058823529411766,7.215686274509804,50.858823529411765
2021-09-16,2.05625,27.0,11.3,9999.9,2.2395833333333335,6.854166666666667,69.66666666666667
2021-09-17,2.0040816326530613,21.4,11.3,9999.9,2.0979591836734692,6.959183673469388,76.70408163265306
2021-09-18,2.023529411764706,23.7,11.3,9999.9,2.3196078431372547,7.0588235294117645,54.25294117647059
2021-09-19,2.084,25.25,11.3,9999.9,2.428,8.159780000000001,47.728
2021-09-20,2.079591836734694,24.8,11.3,9999.9,2.2448979591836733,6.673469387755102,48.71632653061224
2021-09-21,1.996078431372549,24.2,11.3,9999.9,2.3137254901960786,8.176098039215686,45.143137254901966
2021-09-22,1.9826923076923075,22.1,11.3,9999.9,2.1865384615384618,7.3076923076923075,62.119230769230775
2021-09-23,2.004,23.8,11.3,9999.9,2.2840000000000003,7.81988,48.004000000000005
2021-09-24,2.008,24.55,11.3,9999.9,2.354,7.1,39.454
2021-09-25,1.9914893617021276,24.450000000000003,11.3,9999.9,2.302127659574468,7.297765957446809,50.3
2021-09-26,1.9714285714285713,24.15,11.3,9999.9,2.230612244897959,6.999897959183674,58.43877551020408
2021-09-27,1.9770833333333335,18.5,11.3,9999.9,2.222916666666667,7.1145,47.25416666666667
2021-09-28,1.969387755102041,22.3,11.3,9999.9,2.1489795918367345,7.612183673469388,47.86122448979592
2021-09-29,1.9411764705882353,22.9,11.3,9999.9,2.2254901960784315,7.176470588235294,43.06666666666667
2021-09-30,1.9937500000000001,24.200000000000003,11.3,9999.9,2.2895833333333333,7.208333333333333,50.50208333333333
2021-10-01,1.9568627450980391,23.85,11.3,9999.9,2.264705882352941,7.196078431372549,46.35686274509804
2021-10-02,1.893877551020408,19.0,11.3,9999.9,2.1857142857142855,7.9385306122448975,38.320408163265306
2021-10-03,1.9265306122448977,29.0,11.3,9999.9,2.2142857142857144,7.795816326530613,41.60612244897959
2021-10-04,1.9479999999999997,23.8,11.3,9999.9,2.258,6.8499,46.92400000000001
2021-10-05,1.9509803921568627,23.35,11.3,9999.9,2.2627450980392156,6.8431372549019605,50.25882352941177
2021-10-06,1.9653061224489796,28.4,11.3,9999.9,2.273469387755102,7.26530612244898,46.47959183673469
2021-10-07,1.9379999999999997,23.45,11.3,9999.9,2.262,7.44,47.15
2021-10-08,1.927450980392157,23.6,11.3,9999.9,2.298039215686275,7.3331960784313726,53.588235294117645
2021-10-09,1.9372549019607843,23.8,11.3,9999.9,2.325490196078431,6.137254901960785,44.205882352941174
2021-10-10,1.946938775510204,24.0,11.3,9999.9,2.3244897959183675,6.387755102040816,55.14081632653061
2021-10-11,1.926,24.1,11.3,9999.9,2.36,6.72,62.588
2021-10-12,1.875,24.9,11.3,9999.9,2.3673076923076923,7.422865384615386,48.54038461538461
2021-10-13,1.7784313725490197,24.5,11.3,9999.9,2.3666666666666667,7.6468823529411765,51.311764705882354
2021-10-14,1.7591836734693878,24.15,11.3,9999.9,2.377551020408163,7.326448979591836,57.057142857142864
2021-10-15,1.8559999999999999,16.5,11.3,9999.9,2.39,8.0997,63.766000000000005
2021-10-16,1.93,24.5,11.3,9999.9,2.39,7.93966,42.172
2021-10-17,1.9058823529411766,22.75,11.3,9999.9,2.2078431372549017,8.372196078431372,54.913725490196086
2021-10-18,1.988235294117647,21.9,11.3,9999.9,2.1,7.470588235294118,72.3843137254902
2021-10-19,1.868,20.25,7.7,9999.9,1.9780000000000002,6.9,29.278000000000002
2021-10-20,1.8745098039215684,21.95,7.7,9999.9,2.0568627450980395,7.196078431372549,38.311764705882354
2021-10-21,1.6529411764705881,22.5,7.7,9999.9,2.041176470588235,8.627058823529412,50.02352941176471
2021-10-22,1.6607843137254903,20.0,7.7,9999.9,1.9784313725490197,7.0588235294117645,48.82941176470589
2021-10-23,1.692156862745098,22.55,7.7,9999.9,2.0098039215686274,6.1568627450980395,33.180392156862744
2021-10-24,1.5352941176470587,21.5,7.7,9999.9,1.927450980392157,5.794117647058823,41.08627450980392
2021-10-25,1.5288461538461537,17.45,7.7,9999.9,1.8653846153846154,5.875,47.157692307692315
2021-10-26,1.3607843137254902,19.95,7.7,9999.9,1.8549019607843138,6.509803921568627,54.839215686274514
2021-10-27,3.3240000000000003,19.05,7.7,9999.9,3.8280000000000003,6.96,54.18
2021-10-28,1.4512820512820512,19.0,7.7,9999.9,1.88974358974359,6.371794871794871,46.94102564102564
2021-10-29,1.1640000000000001,18.55,7.7,9999.9,1.7719999999999998,6.54,41.13
2021-10-30,1.158,17.65,7.7,9999.9,1.746,6.7,54.298
2021-10-31,1.23,17.5,7.7,9999.9,1.7719999999999998,7.06,40.714
2021-11-01,1.2470588235294118,19.15,7.7,9999.9,3.6647058823529415,6.372549019607843,40.14901960784314
2021-11-02,1.2058823529411764,17.55,7.7,9999.9,1.7039215686274511,6.292156862745098,47.886274509803926
2021-11-03,3.112,17.8,7.7,9999.9,1.672,6.64992,45.848
2021-11-04,1.1098039215686275,17.049999999999997,7.7,9999.9,1.607843137254902,6.411764705882353,53.2921568627451
2021-11-05,1.114,16.2,7.7,9999.9,1.554,6.67,48.364000000000004
2021-11-06,1.106122448979592,16.15,7.7,9999.9,1.5755102040816327,7.306000000000001,53.16326530612245
2021-11-07,1.0510204081632653,23.8,7.7,9999.9,1.6,7.081632653061225,42.31836734693877
2021-11-08,1.0865384615384615,16.6,7.7,9999.9,1.6153846153846154,7.40373076923077,58.10576923076923
2021-11-09,1.0204081632653061,16.5,7.7,9999.9,1.6285714285714286,7.50995918367347,55.62857142857143
2021-11-10,0.95,16.5,7.7,9999.9,1.5859999999999999,7.5998,50.04
2021-11-11,0.9862745098039216,16.35,7.7,9999.9,1.5568627450980392,7.1566470588235305,44.476470588235294
2021-11-12,1.073469387755102,23.0,7.7,9999.9,1.5408163265306123,6.959183673469388,56.36326530612245
2021-11-13,0.96875,15.0,7.7,9999.9,1.4875,6.5,47.96458333333334
2021-11-14,0.9440000000000001,15.1,7.7,9999.9,1.482,7.19996,36.496
2021-11-15,1.0215686274509803,15.5,7.2,9999.9,1.4921568627450978,6.745098039215686,43.498039215686276
2021-11-16,0.9901960784313726,15.5,7.2,9999.9,1.4588235294117649,6.980392156862745,45.96666666666667
2021-11-17,2.807843137254902,14.7,7.2,9999.9,1.4803921568627452,6.882352941176471,54.56274509803922
2021-11-18,1.012,15.75,7.2,9999.9,1.5319999999999998,5.17,61.468
2021-11-19,1.0,15.3,7.2,9999.9,1.4211538461538462,5.269230769230769,59.98846153846154
2021-11-20,1.0142857142857142,15.3,7.2,9999.9,1.4938775510204083,6.061224489795919,57.58571428571429
2021-11-21,1.115686274509804,16.8,7.2,9999.9,1.6294117647058823,7.019509803921569,53.17450980392157
2021-11-22,0.991304347826087,17.55,7.2,9999.9,1.5630434782608698,6.304347826086956,49.59347826086957
2021-11-23,1.076,14.8,7.2,9999.9,1.472,4.3,48.224000000000004
2021-11-24,1.016,15.799999999999999,7.2,9999.9,1.456,4.15,52.358000000000004
2021-11-25,1.0470588235294118,14.1,7.2,9999.9,1.384313725490196,3.5980392156862746,55.91764705882353
2021-11-26,1.012,14.200000000000001,7.2,9999.9,1.324,4.25,45.926
2021-11-27,0.934,14.2,7.2,9999.9,1.328,4.1,59.49
2021-11-28,0.9285714285714286,21.4,7.2,9999.9,1.438095238095238,4.940476190476191,56.12380952380953
2021-11-29,0.8230769230769232,14.05,7.2,9999.9,1.3250000000000002,5.519230769230769,53.323076923076925
2021-11-30,0.8923076923076922,13.65,7.2,9999.9,1.3384615384615384,6.259615384615385,44.848076923076924
2021-12-01,0.76,14.35,7.2,9999.9,1.426,6.449940000000001,56.034000000000006
2021-12-02,0.8340000000000001,14.55,7.2,9999.9,1.526,6.62,52.3
2021-12-03,1.0647058823529412,15.75,7.2,9999.9,1.496078431372549,5.872549019607843,66.63137254901962
2021-12-04,1.1764705882352942,15.6,7.2,9999.9,1.4745098039215687,5.354803921568628,60.772549019607844
2021-12-05,1.178,16.75,7.2,9999.9,1.6059999999999999,6.96,64.646
2021-12-06,1.1,15.6,7.2,9999.9,1.2846153846153845,5.423076923076923,60.63846153846154
2021-12-07,0.8624999999999999,15.6,7.2,9999.9,1.4291666666666665,7.74975,54.0625
2021-12-08,0.7358490566037735,14.15,7.2,9999.9,1.3037735849056602,7.037584905660378,42.91320754716981
2021-12-09,0.762,13.6,7.2,9999.9,1.34,6.34,55.014
2021-12-10,0.7428571428571429,13.55,7.2,9999.9,1.2326530612244897,27.30591836734694,51.14489795918367
2021-12-11,0.6294117647058823,5.4,7.2,9999.9,1.2117647058823529,5.911764705882353,56.50196078431373
2021-12-12,0.5333333333333333,12.15,7.2,9999.9,1.119607843137255,6.186274509803922,58.088235294117645
2021-12-13,0.43799999999999994,12.05,7.2,9999.9,1.14,6.56986,66.44200000000001
2021-12-14,2.4211538461538464,12.1,7.2,9999.9,1.123076923076923,6.624961538461538,45.17692307692308
2021-12-15,0.514,10.9,7.2,9999.9,1.044,5.98,52.158
2021-12-16,0.30196078431372547,10.6,7.2,9999.9,1.0352941176470587,6.0588235294117645,44.67254901960785
2021-12-17,0.2653846153846154,11.2,7.2,9999.9,1.0365384615384614,6.076846153846153,47.50192307692308
2021-12-18,0.368,10.350000000000001,7.2,9999.9,0.986,5.77,46.364000000000004
2021-12-19,0.4470588235294118,10.2,7.2,9999.9,0.9843137254901961,5.794117647058823,45.02352941176471
2021-12-20,0.4041666666666666,10.299999999999999,7.2,9999.9,0.9375,5.73125,49.837500000000006
2021-12-21,0.35714285714285715,10.35,7.2,9999.9,1.0204081632653061,26.204061224489795,46.1061224489796
2021-12-22,0.37,10.15,7.2,9999.9,1.0,6.28,46.20400000000001
2021-12-23,2.3938775510204082,10.4,7.2,9999.9,1.0040816326530613,6.387755102040816,45.76122448979592
2021-12-24,0.5666666666666667,10.7,7.2,9999.9,1.0254901960784313,5.392156862745098,55.209803921568636
2021-12-25,0.5901960784313726,17.4,7.2,9999.9,0.9862745098039215,5.176470588235294,39.97254901960785
2021-12-26,0.5549019607843138,10.3,7.2,9999.9,1.023529411764706,4.7745098039215685,62.0843137254902
2021-12-27,0.56,11.2,7.2,9999.9,1.014,4.45,50.802
2021-12-28,0.6217391304347827,3.6,7.2,9999.9,1.0195652173913043,3.2065217391304346,45.2
2021-12-29,0.7120000000000001,7.9,7.2,9999.9,0.722,4.28,63.604000000000006
2021-12-30,0.684,9.75,7.2,9999.9,0.848,4.2,74.87
2021-12-31,0.5647058823529412,9.65,7.2,9999.9,0.8549019607843138,4.16078431372549,56.52156862745099
2022-01-01,0.5769230769230769,10.25,7.2,9999.9,0.9846153846153847,5.321153846153846,55.30192307692308
2022-01-02,0.596078431372549,10.8,7.2,9999.9,1.0666666666666667,25.12743137254902,59.26274509803922
2022-01-03,2.5333333333333337,11.45,7.2,9999.9,1.0490196078431373,5.372549019607843,58.40196078431372
2022-01-04,0.596,11.25,7.2,9999.9,1.0979999999999999,5.35,56.114000000000004
2022-01-05,0.7854166666666668,18.0,7.2,9999.9,1.1541666666666666,4.78125,50.231249999999996
2022-01-06,0.8306122448979593,12.7,7.2,9999.9,1.3,5.948795918367346,50.78163265306123
2022-01-07,0.8960000000000001,13.5,7.2,9999.9,1.288,5.14,50.48
2022-01-08,0.8615384615384616,12.899999999999999,7.2,9999.9,1.294230769230769,5.384615384615385,55.80192307692308
2022-01-09,0.8392156862745099,13.5,7.2,9999.9,1.2843137254901962,5.784313725490196,47.398039215686275
2022-01-10,0.848,14.899999999999999,7.2,9999.9,1.3259999999999998,6.08792,58.194
2022-01-11,0.8038461538461538,12.75,7.2,9999.9,1.2461538461538462,5.725,51.11346153846154
2022-01-12,0.662,12.25,7.2,9999.9,1.084,5.38,49.604000000000006
2022-01-13,0.6153846153846154,10.9,7.2,9999.9,1.021153846153846,6.788461538461538,48.04038461538461
2022-01-14,0.6716981132075472,16.0,7.2,9999.9,1.0,5.179245283018868,60.70377358490566
2022-01-15,0.6415094339622641,11.6,7.2,9999.9,0.9905660377358491,5.386792452830188,45.49433962264151
2022-01-16,0.6075471698113206,11.3,7.2,9999.9,1.0207547169811322,5.030188679245283,53.692452830188685
2022-01-17,0.6403846153846153,11.4,7.2,9999.9,1.0923076923076922,5.086538461538462,48.25
2022-01-18,0.5075471698113208,11.8,7.2,9999.9,1.1264150943396227,6.167811320754717,49.696226415094344
2022-01-19,0.5038461538461538,11.799999999999999,7.2,9999.9,1.1442307692307692,6.547923076923078,52.92115384615385
2022-01-20,0.6773584905660377,10.5,7.2,9999.9,0.9433962264150944,23.48111320754717,71.74528301886792
2022-01-21,0.6433962264150944,11.75,7.2,9999.9,0.9169811320754717,5.981132075471698,53.367924528301884
2022-01-22,0.6679245283018868,8.75,7.2,9999.9,0.9584905660377357,4.60377358490566,60.43962264150944
2022-01-23,0.6377358490566037,9.2,7.2,9999.9,0.9566037735849057,4.290566037735849,51.21886792452831
2022-01-24,0.6549019607843137,10.75,7.2,9999.9,0.9843137254901961,4.529411764705882,56.83725490196079
2022-01-25,2.5038461538461543,10.5,7.2,9999.9,2.9153846153846152,24.70382692307692,54.49615384615385
2022-01-26,0.4339622641509434,9.75,7.2,9999.9,0.8679245283018868,5.245283018867925,38.6
2022-01-27,0.41063829787234046,9.1,7.2,9999.9,0.8893617021276595,4.8936170212765955,34.789361702127664
2022-01-28,0.3489795918367347,4.0,7.2,9999.9,0.8571428571428571,5.438775510204081,51.2469387755102
2022-01-29,0.34545454545454546,4.0,7.2,9999.9,0.884090909090909,5.029545454545455,54.775
2022-01-30,0.5333333333333333,15.7,7.2,9999.9,0.9541666666666666,5.3125,39.264583333333334
2022-01-31,0.4018867924528302,10.55,7.2,9999.9,0.9773584905660376,5.254716981132075,49.132075471698116
2022-02-01,0.4351851851851852,10.55,7.2,9999.9,0.8648148148148148,4.712962962962963,47.059259259259264
2022-02-02,0.5442307692307693,9.1,7.2,9999.9,0.8826923076923077,3.4711538461538463,51.63269230769231
2022-02-03,0.6098039215686275,10.25,7.2,9999.9,1.0470588235294118,3.8607843137254902,38.26666666666667
2022-02-04,2.4423076923076925,7.4,11.3,9999.9,0.6076923076923076,6.028846153846154,42.909615384615385
2022-02-05,0.5057692307692307,8.9,11.3,9999.9,0.7519230769230769,6.403846153846154,64.35000000000001
2022-02-06,0.5375,9.9,11.3,9999.9,0.9229166666666666,27.1145625,49.962500000000006
2022-02-07,0.6673076923076923,10.95,11.3,9999.9,1.0250000000000001,6.211461538461538,52.53653846153846
2022-02-08,0.6176470588235294,12.15,11.3,9999.9,1.0686274509803921,6.450980392156863,43.52156862745098
2022-02-09,0.5057692307692307,11.7,11.3,9999.9,1.1865384615384615,6.1923076923076925,48.198076923076925
2022-02-10,0.5240740740740741,12.6,11.3,9999.9,1.1259259259259258,7.2220555555555555,47.172222222222224
2022-02-11,0.5,11.45,11.3,9999.9,1.04,6.58,46.926
2022-02-12,0.5468085106382978,12.05,11.3,9999.9,1.1191489361702127,6.617021276595745,40.57021276595745
2022-02-13,0.6634615384615384,12.25,11.3,9999.9,1.1480769230769232,5.875,45.00576923076923
2022-02-14,0.7340000000000001,12.3,11.3,9999.9,1.246,4.97,43.468
2022-02-15,0.710204081632653,19.5,11.3,9999.9,1.2938775510204081,6.071428571428571,35.26326530612245
2022-02-16,0.625,13.100000000000001,11.3,9999.9,1.1942307692307692,5.7846153846153845,36.05576923076923
2022-02-17,0.534,13.100000000000001,11.3,9999.9,1.224,25.96998,49.56400000000001
2022-02-18,0.7137254901960784,12.85,11.3,9999.9,1.2470588235294118,5.372549019607843,40.95294117647059
2022-02-19,0.5924528301886792,14.1,11.3,9999.9,1.2452830188679245,5.745283018867925,45.10188679245283
2022-02-20,0.4102040816326531,12.45,9.3,9999.9,1.0673469387755101,6.377551020408164,46.557142857142864
2022-02-21,0.4583333333333333,17.4,9.3,9999.9,1.0708333333333333,6.46875,39.80833333333334
2022-02-22,0.6509433962264151,11.95,7.2,9999.9,1.1452830188679246,5.462264150943396,40.388679245283015
2022-02-23,0.7076923076923076,13.4,7.2,9999.9,1.3557692307692308,5.384615384615385,46.89038461538462
2022-02-24,2.6980769230769233,15.1,7.2,9999.9,1.4173076923076924,6.048076923076923,44.75769230769231
2022-02-25,0.6156862745098038,11.25,7.2,9999.9,1.3352941176470587,5.921568627450981,45.12941176470588
2022-02-26,0.5943396226415094,13.9,7.2,9999.9,1.3735849056603773,7.037735849056604,51.37924528301887
2022-02-27,0.5320754716981132,15.0,7.2,9999.9,1.420754716981132,7.043150943396227,43.27358490566038
2022-02-28,0.6830188679245284,14.8,7.2,9999.9,1.4320754716981132,6.632075471698113,41.42641509433962
2022-03-01,0.8807692307692309,15.65,7.2,9999.9,1.5057692307692307,6.1153653846153855,38.975
2022-03-02,0.7924528301886793,16.25,7.2,9999.9,1.5056603773584905,6.613018867924528,44.800000000000004
2022-03-03,0.8884615384615385,16.349999999999998,7.2,9999.9,1.5538461538461539,6.769115384615385,49.50192307692308
2022-03-04,0.6,17.35,7.2,9999.9,1.5943396226415094,7.245056603773585,51.45283018867924
2022-03-05,0.7653846153846153,16.4,7.2,9999.9,1.6173076923076921,6.884423076923077,48.38846153846154
2022-03-06,1.0169811320754716,17.75,7.2,9999.9,1.7094339622641508,5.886792452830188,38.20188679245283
2022-03-07,2.849056603773585,19.35,7.2,9999.9,1.8528301886792453,25.413056603773587,49.886792452830186
2022-03-08,4.5396226415094345,19.95,7.2,9999.9,1.8886792452830188,7.113,39.06792452830189
2022-03-09,0.8415094339622642,19.75,7.2,9999.9,1.8924528301886792,7.311075471698113,37.27735849056604
2022-03-10,1.1037037037037036,19.35,7.2,9999.9,1.8611111111111112,6.546296296296297,38.974074074074075
2022-03-11,0.9830188679245283,19.45,7.2,9999.9,1.8320754716981131,6.594207547169812,42.08301886792453
2022-03-12,1.0250000000000001,19.55,7.2,9999.9,1.8807692307692307,6.913288461538461,34.36346153846154
2022-03-13,2.9153846153846152,20.6,7.2,9999.9,1.9769230769230768,7.009403846153846,36.99615384615385
2022-03-14,1.1264150943396227,21.4,7.2,9999.9,2.0754716981132075,7.292169811320755,45.30566037735849
2022-03-15,1.2792452830188679,22.3,6.7,9999.9,2.120754716981132,6.283018867924528,29.305660377358492
2022-03-16,1.411764705882353,21.55,6.7,9999.9,2.064705882352941,5.62156862745098,36.66274509803922
2022-03-17,1.3288461538461538,21.55,6.7,9999.9,2.128846153846154,6.134615384615385,41.392307692307696
2022-03-18,1.3093023255813954,22.85,6.7,9999.9,2.0767441860465117,5.965116279069767,48.776744186046514
2022-03-19,1.1470588235294117,23.4,6.7,9999.9,2.2,6.774411764705882,44.029411764705884
2022-03-20,3.145098039215686,30.7,6.7,9999.9,2.2078431372549017,6.4411764705882355,32.727450980392156
2022-03-21,1.241304347826087,21.95,6.7,9999.9,2.143478260869565,5.369565217391305,41.81956521739131
2022-03-22,1.2846153846153845,22.65,6.7,9999.9,2.073076923076923,5.721153846153846,37.53076923076923
2022-03-23,1.188,22.65,6.7,9999.9,2.09,5.74,31.062
2022-03-24,1.2056603773584906,21.6,13.4,9999.9,1.9490566037735848,5.981132075471698,43.613207547169814
2022-03-25,2.6803921568627453,28.5,13.2,9999.9,2.0745098039215684,7.460490196078432,34.668627450980395
2022-03-26,2.509433962264151,21.65,13.2,9999.9,2.0528301886792453,6.679132075471698,31.737735849056605
2022-03-27,0.998,20.75,13.2,9999.9,2.096,25.40998,46.286
2022-03-28,1.3204081632653062,21.85,13.2,9999.9,2.0918367346938775,4.86734693877551,36.673469387755105
2022-03-29,1.528,21.45,13.2,9999.9,2.064,4.34,44.65
2022-03-30,1.7150943396226417,21.5,13.2,9999.9,2.056603773584906,3.3679245283018866,46.46037735849057
2022-03-31,1.65,22.35,13.2,9999.9,2.1,4.784,32.804
2022-04-01,1.7333333333333334,21.6,13.2,9999.9,2.1333333333333333,4.186274509803922,50.827450980392165
2022-04-02,1.786,23.15,13.2,9999.9,2.218,4.206,38.056000000000004
2022-04-03,1.5433962264150942,24.25,13.2,9999.9,2.2735849056603774,5.59433962264151,36.43396226415094
2022-04-04,1.4705882352941178,17.2,13.2,9999.9,4.196078431372549,5.892156862745098,45.635294117647064
2022-04-05,1.3588235294117645,23.75,13.2,9999.9,2.3,6.088176470588236,46.71176470588236
2022-04-06,1.3196078431372549,23.45,13.2,9999.9,2.296078431372549,5.872549019607843,45.36078431372549
2022-04-07,1.46,23.4,13.2,9999.9,2.226,6.16,40.99400000000001
2022-04-08,1.4115384615384616,22.6,13.2,9999.9,2.2673076923076922,6.048076923076923,39.267307692307696
2022-04-09,1.5673076923076923,22.65,13.2,9999.9,2.0653846153846156,4.461538461538462,48.72692307692308
2022-04-10,1.6442307692307692,21.95,13.2,9999.9,2.0961538461538463,4.730769230769231,42.50961538461539
2022-04-11,1.6880000000000002,22.65,13.2,9999.9,2.256,6.3,43.254000000000005
2022-04-12,1.8122448979591836,23.6,13.2,9999.9,2.273469387755102,6.244897959183674,34.65510204081633
2022-04-13,3.657692307692308,24.6,13.2,9999.9,4.1826923076923075,5.6826923076923075,48.06346153846154
2022-04-14,2.7314814814814814,24.05,12.100000000000001,9999.9,2.3203703703703704,7.601592592592592,35.148148148148145
2022-04-15,0.6307692307692309,23.25,12.100000000000001,9999.9,2.338461538461538,7.76898076923077,48.48461538461539
2022-04-16,6.077358490566038,23.25,12.100000000000001,9999.9,2.2660377358490567,7.650679245283019,36.15094339622642
2022-04-17,6.076923076923077,22.65,12.100000000000001,9999.9,2.2634615384615384,7.557442307692308,36.70961538461539
2022-04-18,1.1730769230769231,23.25,12.100000000000001,9999.9,2.3365384615384617,5.576923076923077,37.150000000000006
2022-04-19,1.5294117647058822,23.5,12.100000000000001,9999.9,2.1901960784313728,4.617647058823529,33.84509803921569
2022-04-20,1.6115384615384616,21.05,12.100000000000001,9999.9,2.003846153846154,4.951923076923077,43.79038461538461
2022-04-21,3.5230769230769234,24.0,12.100000000000001,9999.9,2.275,6.865384615384615,35.32884615384616
2022-04-22,1.4245283018867925,23.75,12.100000000000001,9999.9,2.116981132075472,6.3584905660377355,43.10566037735849
2022-04-23,1.1192307692307693,22.5,12.100000000000001,9999.9,2.2653846153846153,7.480538461538462,40.05384615384616
2022-04-24,0.8923076923076922,23.9,12.100000000000001,9999.9,2.3596153846153847,6.115384615384615,46.62307692307692
2022-04-25,1.0294117647058822,23.9,12.100000000000001,9999.9,2.3568627450980393,5.1568627450980395,43.22549019607843
2022-04-26,1.072549019607843,24.099999999999998,12.100000000000001,9999.9,2.4176470588235293,5.627450980392157,40.09411764705883
2022-04-27,1.2963636363636364,23.8,12.100000000000001,9999.9,2.3418181818181822,5.9,33.981818181818184
2022-04-28,1.5673076923076923,24.4,12.100000000000001,9999.9,2.4211538461538464,5.5576923076923075,40.38076923076923
2022-04-29,1.5384615384615385,23.0,12.100000000000001,9999.9,2.0653846153846156,5.701923076923077,42.04807692307692
2022-04-30,5.334615384615385,19.5,13.4,9999.9,3.7365384615384616,25.39421153846154,41.00961538461539
2022-05-01,1.5754716981132075,22.75,13.4,9999.9,2.1999999999999997,6.4245283018867925,35.301886792452834
2022-05-02,1.5862745098039217,23.05,13.4,9999.9,1.8666666666666667,5.019607843137255,28.8843137254902
2022-05-03,1.5999999999999999,22.05,13.4,9999.9,2.145098039215686,7.901725490196078,33.082352941176474
2022-05-04,1.7096153846153848,23.0,13.4,9999.9,2.1173076923076923,7.0,33.52307692307692
2022-05-05,1.6215686274509804,22.0,13.4,9999.9,2.1470588235294117,8.11735294117647,33.33921568627451
2022-05-06,1.6509803921568629,21.299999999999997,13.4,9999.9,2.0686274509803924,7.637137254901961,30.11764705882353
2022-05-07,1.6770833333333333,16.8,13.4,9999.9,2.095833333333333,7.166541666666667,48.73333333333334
2022-05-08,3.722448979591837,28.5,13.4,9999.9,4.085714285714286,27.285693877551022,44.13265306122449
2022-05-09,1.5934782608695652,16.5,13.4,9999.9,2.2086956521739127,6.586847826086957,45.98695652173913
2022-05-10,1.7923076923076924,23.25,13.4,9999.9,4.153846153846154,6.701923076923077,30.426923076923078
2022-05-11,1.8211538461538461,22.9,13.4,9999.9,2.1461538461538465,7.269230769230769,27.059615384615388
2022-05-12,1.8359999999999999,22.75,13.4,9999.9,2.314,7.459880000000001,42.57
2022-05-13,1.8576923076923075,23.65,13.4,9999.9,2.378846153846154,7.1536923076923085,35.23269230769231
2022-05-14,1.9425531914893617,18.0,13.4,9999.9,2.353191489361702,69.54248936170214,39.45957446808511
2022-05-15,2.046938775510204,25.5,13.4,9999.9,2.273469387755102,4.836734693877551,59.704081632653065
2022-05-16,1.9132075471698113,30.4,12.9,9999.9,2.2245283018867927,6.037735849056604,51.18867924528302
2022-05-17,1.5411764705882351,23.65,12.9,9999.9,2.454901960784314,7.744803921568628,33.9078431372549
2022-05-18,1.4000000000000001,24.4,12.9,9999.9,2.380392156862745,7.607764705882353,34.37450980392157
2022-05-19,1.64,23.45,12.9,9999.9,2.418,6.78,46.37
2022-05-20,1.6740740740740743,22.8,15.2,9999.9,2.1314814814814813,25.629574074074075,41.85925925925926
2022-05-21,1.6754716981132074,22.7,15.2,9999.9,2.2471698113207546,8.018622641509435,36.16981132075472
2022-05-22,1.5230769230769232,20.85,15.2,9999.9,2.0057692307692307,7.903519230769231,25.35
2022-05-23,1.6019999999999999,21.25,15.2,9999.9,2.042,7.91976,31.736000000000004
2022-05-24,1.625,21.35,15.2,9999.9,2.2,7.40376923076923,51.22500000000001
2022-05-25,1.6725490196078432,22.5,15.2,9999.9,1.9176470588235293,6.205882352941177,43.24313725490196
2022-05-26,1.56078431372549,21.2,14.9,9999.9,1.9588235294117649,45.813568627450984,45.02352941176471
2022-05-27,1.725,21.2,14.9,9999.9,2.15,7.096038461538462,57.49038461538461
2022-05-28,1.8358490566037735,21.85,14.9,9999.9,2.056603773584906,5.962264150943396,62.81320754716982
2022-05-29,1.918,18.0,14.9,9999.9,2.198,5.78,45.448
2022-05-30,1.9924528301886792,23.6,14.9,9999.9,2.318867924528302,6.113207547169812,40.5188679245283
2022-05-31,1.992,23.1,14.9,9999.9,2.222,6.16,46.9
2022-06-01,3.912,23.700000000000003,14.9,9999.9,2.3280000000000003,6.39,55.856
2022-06-02,2.030188679245283,24.85,14.9,9999.9,2.4150943396226414,5.60377358490566,47.83207547169811
2022-06-03,1.9884615384615385,24.95,14.9,9999.9,2.378846153846154,6.634615384615385,36.45961538461539
2022-06-04,2.0296296296296297,24.0,14.9,9999.9,2.324074074074074,5.814814814814815,56.06296296296296
2022-06-05,2.0903846153846155,24.25,14.9,9999.9,2.2115384615384617,4.480769230769231,56.14038461538462
2022-06-06,2.128571428571429,24.25,14.9,9999.9,2.377551020408163,5.244897959183674,49.495918367346945
2022-06-07,2.0901960784313727,28.2,14.9,9999.9,2.368627450980392,5.647058823529412,45.96666666666667
2022-06-08,2.1058823529411765,24.2,14.9,9999.9,2.288235294117647,5.313725490196078,57.11176470588236
2022-06-09,2.125,23.0,14.9,9999.9,2.2788461538461537,5.0673076923076925,52.80192307692308
2022-06-10,2.0137254901960784,29.2,14.9,9999.9,2.4470588235294115,5.901960784313726,37.35686274509804
2022-06-11,2.0622641509433963,25.0,14.9,9999.9,2.467924528301887,6.0,41.80566037735849
2022-06-12,1.9944444444444445,24.450000000000003,14.9,9999.9,2.409259259259259,6.685185185185185,41.82222222222222
2022-06-13,2.0833333333333335,29.7,14.9,9999.9,2.3166666666666664,6.111111111111111,25.05925925925926
2022-06-14,4.049019607843137,24.5,14.9,9999.9,4.296078431372549,5.088235294117647,50.05882352941177
2022-06-15,2.1576923076923076,23.700000000000003,14.9,9999.9,2.330769230769231,5.711538461538462,60.29807692307692
2022-06-16,2.030357142857143,25.05,14.9,9999.9,2.3857142857142857,6.508928571428571,40.635714285714286
2022-06-17,1.908,24.55,14.9,9999.9,2.43,8.25958,42.874
2022-06-18,1.9272727272727272,24.25,14.9,9999.9,2.3454545454545452,7.172727272727273,47.91272727272728
2022-06-19,1.9056603773584906,24.3,14.9,9999.9,2.4188679245283016,7.9809245283018875,38.092452830188684
2022-06-20,1.8358490566037735,24.45,14.9,9999.9,2.292452830188679,7.09433962264151,38.73396226415095
2022-06-21,1.9722222222222223,23.3,14.9,9999.9,2.2333333333333334,6.694444444444445,46.74074074074074
2022-06-22,2.0407407407407407,24.75,14.9,9999.9,2.3925925925925924,7.2592592592592595,38.19814814814816
2022-06-23,2.0547169811320756,24.75,14.9,9999.9,2.449056603773585,6.867867924528302,39.486792452830194
2022-06-24,2.060377358490566,24.65,14.9,9999.9,2.3735849056603775,24.707528301886793,35.075471698113205
2022-06-25,2.0314814814814817,24.75,14.9,9999.9,2.374074074074074,6.462962962962963,46.040740740740745
2022-06-26,2.083636363636364,24.6,14.9,9999.9,2.3727272727272726,24.581763636363636,44.549090909090914
2022-06-27,2.071698113207547,24.2,14.9,9999.9,2.3547169811320754,6.69811320754717,54.111320754716985
2022-06-28,2.072,23.5,14.9,9999.9,2.292,6.04,48.028
2022-06-29,3.994,20.3,14.9,9999.9,4.094,6.66,42.646
2022-06-30,1.981818181818182,20.3,14.9,9999.9,2.3840909090909093,7.977045454545455,31.48409090909091
2022-07-01,2.058333333333333,20.3,14.9,9999.9,2.535416666666667,7.645583333333334,31.052083333333332
2022-07-02,2.0595744680851062,20.3,14.9,9999.9,2.3595744680851065,7.616851063829787,44.03404255319149
2022-07-03,2.124444444444445,20.3,14.9,9999.9,2.408888888888889,7.333333333333333,48.540000000000006
2022-07-04,2.1370370370370373,24.6,14.9,9999.9,2.4611111111111112,7.185185185185185,47.74444444444445
2022-07-05,2.185185185185185,26.3,14.9,9999.9,2.462962962962963,7.573981481481481,46.15
2022-07-06,2.1849056603773587,26.15,14.9,9999.9,2.439622641509434,6.547169811320755,53.01698113207547
2022-07-07,2.1796296296296296,26.2,14.9,9999.9,2.5296296296296297,7.3332592592592585,46.7462962962963
2022-07-08,2.1056603773584905,25.9,14.9,9999.9,2.2867924528301886,6.188679245283019,44.192452830188685
2022-07-09,2.0444444444444447,24.35,14.9,9999.9,2.288888888888889,7.092555555555555,42.59814814814815
2022-07-10,2.0500000000000003,25.049999999999997,14.9,9999.9,2.451851851851852,8.055296296296296,53.86296296296297
2022-07-11,2.088235294117647,25.75,14.9,9999.9,2.4725490196078432,7.509803921568627,45.0078431372549
2022-07-12,2.0814814814814815,25.75,14.9,9999.9,2.446296296296296,7.333240740740741,42.61666666666667
2022-07-13,2.107843137254902,25.8,14.9,9999.9,2.466666666666667,7.9017647058823535,65.9843137254902
2022-07-14,2.0862745098039217,30.5,12.4,9999.9,2.450980392156863,6.999901960784314,41.41764705882353
2022-07-15,2.060416666666667,20.0,12.4,9999.9,2.622916666666667,8.520395833333334,43.300000000000004
2022-07-16,2.1113636363636363,20.0,12.4,9999.9,2.5795454545454546,8.068090909090909,37.59090909090909
2022-07-17,2.1044444444444443,20.0,12.4,9999.9,2.597777777777778,8.421888888888889,24.346666666666664
2022-07-18,2.077777777777778,29.4,12.4,9999.9,2.4066666666666667,51.0444,27.38666666666667
2022-07-19,2.0452830188679245,25.3,12.4,9999.9,2.3735849056603775,44.62256603773585,50.14905660377359
2022-07-20,2.1137254901960785,24.2,12.4,9999.9,2.3196078431372547,6.303921568627451,51.154901960784315
2022-07-21,2.112,28.2,12.4,9999.9,2.28,6.74,54.474000000000004
2022-07-22,2.076923076923077,23.9,12.4,9999.9,2.2634615384615384,6.538461538461538,45.21346153846154
2022-07-23,2.0588235294117645,25.3,12.4,9999.9,2.3627450980392157,8.11729411764706,48.1
2022-07-24,2.0326923076923076,24.75,12.4,9999.9,2.330769230769231,8.153653846153846,49.80769230769231
2022-07-25,2.036,24.75,12.4,9999.9,2.334,67.33978,53.578
2022-07-26,2.0444444444444447,23.8,12.4,9999.9,2.2481481481481485,6.611111111111111,51.9388888888889
2022-07-27,2.0372549019607846,24.25,12.4,9999.9,2.2784313725490195,6.803921568627451,55.874509803921576
2022-07-28,2.036538461538462,23.4,12.4,9999.9,2.3384615384615386,6.884615384615385,47.00384615384616
2022-07-29,2.0625,21.0,12.4,9999.9,2.3333333333333335,7.270833333333333,47.31666666666667
2022-07-30,2.06,21.0,12.4,9999.9,2.3333333333333335,6.6,49.98444444444445
2022-07-31,4.1020408163265305,25.5,12.4,9999.9,2.2204081632653065,6.295918367346939,48.63265306122449
2022-08-01,2.1060000000000003,23.25,12.4,9999.9,2.258,6.44,68.12
2022-08-02,2.098076923076923,23.4,12.4,9999.9,2.3,7.4423076923076925,46.771153846153844
2022-08-03,3.9339622641509435,24.1,12.4,9999.9,4.169811320754717,6.981132075471698,46.94716981132076
2022-08-04,2.1055555555555556,23.8,12.4,9999.9,2.2907407407407407,6.296296296296297,59.65555555555556
2022-08-05,2.09622641509434,25.35,12.4,9999.9,2.469811320754717,7.358396226415095,39.03584905660377
2022-08-06,2.0872727272727274,25.4,12.4,9999.9,2.329090909090909,6.836363636363636,51.756363636363645
2022-08-07,2.143137254901961,26.2,12.4,9999.9,2.4862745098039216,7.584235294117647,50.82156862745098
2022-08-08,2.1185185185185187,25.9,12.4,9999.9,2.4574074074074073,7.4628703703703705,38.12222222222222
2022-08-09,2.1403846153846158,26.5,12.4,9999.9,2.5250000000000004,7.663269230769231,50.29038461538461
2022-08-10,2.1439024390243904,30.3,12.4,9999.9,2.478048780487805,8.463073170731708,40.55365853658537
2022-08-11,2.0711538461538463,25.5,12.4,9999.9,2.498076923076923,7.769096153846154,27.817307692307693
2022-08-12,2.088888888888889,25.7,12.4,9999.9,2.5407407407407407,8.221962962962962,38.88333333333334
2022-08-13,2.1272727272727274,26.85,12.4,9999.9,2.42,6.6817090909090915,48.03818181818182
2022-08-14,2.0654545454545454,24.55,12.4,9999.9,2.3727272727272726,7.581818181818182,45.74545454545454
2022-08-15,1.9339622641509433,24.5,12.4,9999.9,2.452830188679245,9.112698113207548,26.21320754716981
2022-08-16,2.0407407407407407,25.05,12.4,9999.9,2.4962962962962965,8.444166666666668,39.10925925925926
2022-08-17,3.864814814814815,25.9,12.4,9999.9,2.4611111111111112,7.537037037037037,42.992592592592594
2022-08-18,2.1370370370370373,26.8,12.4,9999.9,2.5296296296296297,7.796074074074074,38.88333333333334
2022-08-19,2.0407407407407407,25.3,12.4,9999.9,2.3425925925925926,7.620055555555556,42.61666666666667
2022-08-20,2.0327272727272727,24.950000000000003,12.4,9999.9,2.3927272727272726,8.145345454545454,41.19272727272727
2022-08-21,2.022222222222222,26.0,12.4,9999.9,2.4962962962962965,8.55525925925926,40.93518518518518
2022-08-22,2.0018518518518515,25.3,12.4,9999.9,2.4925925925925925,8.814351851851852,42.02777777777778
2022-08-23,2.0695652173913044,25.95,12.4,9999.9,2.35,6.8695,58.28260869565217
2022-08-24,2.087037037037037,25.75,12.4,9999.9,2.4444444444444446,8.222037037037037,53.329629629629636
2022-08-25,2.0538461538461537,26.049999999999997,12.4,9999.9,2.4826923076923078,27.53821153846154,32.525
2022-08-26,2.0833333333333335,24.3,12.4,9999.9,2.425925925925926,7.592592592592593,32.74814814814815
2022-08-27,2.0735849056603777,25.5,12.4,9999.9,2.4245283018867925,6.7924528301886795,40.18490566037736
2022-08-28,2.0096153846153846,22.85,12.4,9999.9,2.226923076923077,7.019230769230769,44.198076923076925
2022-08-29,2.0037735849056606,24.65,12.4,9999.9,2.4471698113207543,8.396,40.73207547169812
2022-08-30,2.0472727272727274,25.75,12.4,9999.9,2.4654545454545453,8.181636363636363,36.1109090909091
2022-08-31,2.0592592592592593,24.05,12.4,9999.9,2.312962962962963,6.537037037037037,46.711111111111116
2022-09-01,1.9872727272727273,24.3,12.4,9999.9,2.3036363636363637,7.363581818181818,51.29272727272727
2022-09-02,1.9592592592592593,24.3,12.4,9999.9,2.2888888888888888,7.481481481481482,46.76481481481482
2022-09-03,2.0,24.7,12.4,9999.9,2.3566037735849057,7.09433962264151,48.62641509433963
2022-09-04,2.003636363636364,25.0,12.4,9999.9,2.370909090909091,6.618181818181818,38.34
2022-09-05,2.023214285714286,25.2,12.4,9999.9,2.4053571428571425,7.428571428571429,33.42857142857143
2022-09-06,2.029090909090909,25.25,12.4,9999.9,2.3727272727272726,6.8,45.623636363636365
2022-09-07,2.033333333333333,23.7,12.4,9999.9,2.2351851851851854,6.416666666666667,48.21851851851852
2022-09-08,2.0148148148148146,22.7,12.4,9999.9,2.1814814814814816,6.055555555555555,50.07222222222222
2022-09-09,1.9763636363636363,23.75,12.4,9999.9,2.2181818181818183,6.345454545454546,47.36363636363637
2022-09-10,1.950909090909091,23.9,12.4,9999.9,2.2363636363636363,7.618127272727273,64.05090909090909
2022-09-11,2.0074074074074075,24.8,12.4,9999.9,2.2222222222222223,6.592592592592593,55.785185185185185
2022-09-12,3.753703703703704,24.4,12.4,9999.9,4.118518518518519,6.870314814814815,46.522222222222226
2022-09-13,1.9425925925925924,23.55,12.4,9999.9,2.198148148148148,7.185185185185185,38.26851851851852
2022-09-14,1.971698113207547,23.2,12.4,9999.9,2.1792452830188678,7.509396226415094,58.592452830188684
2022-09-15,1.988888888888889,22.95,12.4,9999.9,2.1944444444444446,7.314814814814815,42.394444444444446
2022-09-16,1.9830188679245282,27.0,12.4,9999.9,2.188679245283019,7.50933962264151,48.866037735849055
2022-09-17,2.011111111111111,22.4,12.4,9999.9,2.175925925925926,6.925925925925926,62.27777777777778
2022-09-18,2.0254545454545454,24.5,12.4,9999.9,2.3181818181818183,25.563618181818182,66.88727272727273
2022-09-19,1.9981818181818183,24.95,12.4,9999.9,2.2618181818181817,7.127218181818182,61.20363636363637
2022-09-20,2.0345454545454547,24.65,12.4,9999.9,2.309090909090909,6.8545454545454545,53.03272727272728
2022-09-21,2.0,25.45,12.4,9999.9,2.340740740740741,7.685185185185185,45.87407407407408
2022-09-22,1.988888888888889,19.4,12.4,9999.9,2.337037037037037,7.777666666666668,40.416666666666664
2022-09-23,1.9886792452830189,24.700000000000003,12.4,9999.9,2.3169811320754716,6.80188679245283,49.41320754716981
2022-09-24,1.918867924528302,23.65,12.4,9999.9,2.3226415094339625,6.981132075471698,47.549056603773586
2022-09-25,1.9327272727272726,24.9,12.4,9999.9,2.2418181818181817,7.2727272727272725,44.16909090909091
2022-09-26,1.8735849056603773,23.15,12.4,9999.9,2.230188679245283,6.849056603773585,47.607547169811326
2022-09-27,1.8641509433962264,24.0,12.4,9999.9,2.2433962264150944,7.018867924528302,50.41509433962264
2022-09-28,1.8791666666666667,24.0,12.4,9999.9,2.25,7.770666666666667,53.56458333333333
2022-09-29,1.8674418604651162,24.0,12.4,9999.9,2.3069767441860467,7.790581395348838,41.551162790697674
2022-09-30,1.8888888888888888,24.0,12.4,9999.9,2.2800000000000002,6.777777777777778,52.26888888888889
2022-10-01,1.890566037735849,24.0,12.4,9999.9,2.290566037735849,7.30188679245283,41.91509433962264
2022-10-02,1.809090909090909,25.1,12.4,9999.9,2.310909090909091,7.5998363636363635,47.57818181818182
2022-10-03,1.8759259259259258,24.450000000000003,11.8,9999.9,2.2944444444444447,7.777611111111111,48.94444444444444
2022-10-04,1.92,21.65,11.8,9999.9,2.0580000000000003,45.95996,63.12200000000001
2022-10-05,1.8222222222222224,20.4,11.8,9999.9,1.9981481481481482,6.833333333333333,36.82222222222222
2022-10-06,1.7963636363636364,18.95,11.8,9999.9,1.8236363636363635,5.627272727272727,70.93454545454546
2022-10-07,1.830188679245283,22.65,11.8,9999.9,1.99811320754717,7.49045283018868,66.3188679245283
2022-10-08,1.7648148148148148,23.05,11.8,9999.9,2.1314814814814813,7.759074074074074,49.26111111111111
2022-10-09,3.5892857142857144,22.6,11.8,9999.9,3.9285714285714284,25.94617857142857,55.97678571428572
2022-10-10,1.7673076923076925,22.5,11.8,9999.9,2.1076923076923078,7.423076923076923,64.00576923076923
2022-10-11,1.6943396226415093,20.75,11.8,9999.9,1.9943396226415095,7.377358490566038,70.12641509433963
2022-10-12,1.7351851851851852,22.25,11.8,9999.9,2.107407407407407,8.2775,51.27777777777778
2022-10-13,1.6480000000000001,22.7,11.8,9999.9,2.106,27.69982,50.102
2022-10-14,1.6,21.5,11.8,9999.9,2.0714285714285716,8.754714285714286,46.80204081632653
2022-10-15,1.6418181818181818,22.0,11.8,9999.9,2.0727272727272728,8.381509090909091,41.88
2022-10-16,1.2568627450980394,21.700000000000003,11.8,9999.9,2.011764705882353,8.27413725490196,32.94117647058823
2022-10-17,1.0050000000000001,26.5,11.8,9999.9,2.0324999999999998,9.24945,29.73
2022-10-18,1.274,18.75,11.8,9999.9,1.858,7.939780000000001,47.06400000000001
2022-10-19,1.22,18.25,11.8,9999.9,1.7799999999999998,7.109090909090909,49.27090909090909
2022-10-20,1.2176470588235295,18.75,11.8,9999.9,1.8137254901960784,7.646901960784314,48.943137254901956
2022-10-21,1.25,19.05,11.8,9999.9,1.876,7.5,49.16400000000001
2022-10-22,1.0153846153846153,19.1,11.8,9999.9,1.8173076923076923,7.903634615384616,54.7423076923077
2022-10-23,0.9754716981132076,19.1,11.8,9999.9,1.9000000000000001,8.244962264150944,59.34528301886793
2022-10-24,1.1345454545454545,19.5,11.8,9999.9,1.8836363636363636,8.599672727272727,42.04363636363637
2022-10-25,1.0327272727272727,18.9,11.8,9999.9,1.830909090909091,8.399763636363637,54.70545454545455
2022-10-26,1.2314814814814814,18.25,11.8,9999.9,1.8037037037037038,8.184981481481483,47.224074074074075
2022-10-27,1.3566037735849055,24.7,11.8,9999.9,1.7792452830188679,6.9245283018867925,53.01698113207547
2022-10-28,1.3222222222222224,18.5,11.8,9999.9,1.7722222222222224,6.796296296296297,61.72777777777778
2022-10-29,1.237037037037037,19.0,11.8,9999.9,1.7796296296296295,7.444277777777778,63.81666666666667
2022-10-30,1.1622641509433962,11.4,11.8,9999.9,1.7849056603773583,7.829943396226415,66.30188679245283
2022-10-31,1.2333333333333332,18.5,11.8,9999.9,1.7666666666666668,43.81477777777778,61.63333333333334
2022-11-01,1.2,18.3,11.8,9999.9,1.7518518518518518,7.277777777777778,63.5388888888889
2022-11-02,1.0851851851851853,18.0,11.8,9999.9,1.6722222222222223,7.888703703703704,59.61851851851852
2022-11-03,0.9826923076923078,17.4,11.8,9999.9,1.6653846153846152,7.922846153846153,48.07884615384615
2022-11-04,1.1452830188679246,17.700000000000003,11.8,9999.9,1.7150943396226417,6.735849056603773,50.20566037735849
2022-11-05,1.1607142857142858,17.75,11.8,9999.9,1.7267857142857144,7.339196428571428,54.33214285714286
2022-11-06,1.225925925925926,17.8,11.8,9999.9,1.6981481481481482,25.351833333333335,46.42962962962964
2022-11-07,1.26,17.8,11.8,9999.9,1.6836363636363636,7.1454545454545455,47.69272727272727
2022-11-08,1.1836363636363636,17.25,11.8,9999.9,1.6672727272727272,6.663636363636364,59.58727272727273
2022-11-09,1.1245283018867924,17.8,11.8,9999.9,1.739622641509434,6.452830188679245,55.23773584905661
2022-11-10,1.1074074074074074,17.6,11.8,9999.9,1.664814814814815,6.805555555555555,56.32592592592593
2022-11-11,1.0754716981132075,16.95,11.8,9999.9,1.5999999999999999,6.433962264150943,52.713207547169816
2022-11-12,0.9142857142857144,16.45,11.8,9999.9,1.4910714285714286,7.160589285714286,45.36071428571429
2022-11-13,0.9450980392156864,22.0,11.8,9999.9,1.472549019607843,7.019607843137255,53.38823529411765
2022-11-14,1.001923076923077,15.4,11.8,9999.9,1.4807692307692308,5.163461538461538,48.25192307692308
2022-11-15,1.0462962962962963,15.5,11.8,9999.9,1.5018518518518518,5.814814814814815,38.65925925925926
2022-11-16,1.0471698113207548,15.65,11.8,9999.9,1.5169811320754718,6.188679245283019,53.241509433962264
2022-11-17,1.0036363636363637,15.05,11.8,9999.9,1.4454545454545455,5.4763636363636365,52.721818181818186
2022-11-18,1.0462962962962963,15.700000000000001,11.8,9999.9,1.4833333333333332,5.212962962962963,57.17407407407408
2022-11-19,0.9849056603773585,15.649999999999999,11.8,9999.9,1.5245283018867923,5.735849056603773,56.85849056603774
2022-11-20,0.9943396226415094,15.75,11.8,9999.9,1.4962264150943396,6.566037735849057,61.17547169811321
2022-11-21,0.9109090909090909,15.35,11.8,9999.9,1.4418181818181817,7.5454,50.525454545454544
2022-11-22,0.8377358490566037,14.6,11.8,9999.9,1.4056603773584906,7.0,57.08490566037736
2022-11-23,0.9592592592592593,14.3,11.8,9999.9,1.412962962962963,6.574074074074074,56.638888888888886
2022-11-24,0.9207547169811322,14.95,11.8,9999.9,1.4490566037735848,6.518867924528302,40.17735849056604
2022-11-25,0.8981818181818182,15.75,11.8,9999.9,1.5072727272727273,6.872654545454545,50.26909090909091
2022-11-26,0.9320754716981132,15.85,11.8,9999.9,1.5226415094339623,7.716792452830189,47.737735849056605
2022-11-27,0.9425925925925925,22.0,11.8,9999.9,1.4648148148148148,7.888685185185186,54.95555555555556
2022-11-28,0.9538461538461539,9.0,11.8,9999.9,1.4249999999999998,5.730769230769231,54.39807692307693
2022-11-29,0.9358490566037736,14.85,11.8,9999.9,1.4264150943396225,5.937735849056604,54.18301886792453
2022-11-30,0.9326923076923077,21.5,11.8,9999.9,1.4230769230769231,6.423076923076923,58.24038461538461
2022-12-01,0.8075471698113207,14.15,11.8,9999.9,1.3547169811320754,7.528056603773585,46.341509433962266
2022-12-02,0.8,14.1,11.8,9999.9,1.375,7.240134615384616,49.63269230769231
2022-12-03,0.7999999999999999,13.7,11.8,9999.9,1.3528301886792453,6.81122641509434,44.30754716981132
2022-12-04,0.8277777777777778,13.8,11.8,9999.9,1.3259259259259257,6.944444444444445,49.85
2022-12-05,0.8148148148148148,13.35,11.8,9999.9,1.3148148148148149,7.666462962962964,46.3537037037037
2022-12-06,0.74,13.4,11.8,9999.9,1.344,6.62994,40.432
2022-12-07,0.7685185185185185,13.149999999999999,11.8,9999.9,1.2833333333333332,6.999925925925925,48.9425925925926
2022-12-08,0.7113207547169812,13.4,11.8,9999.9,1.2830188679245282,7.50922641509434,45.28679245283019
2022-12-09,0.7588235294117648,13.3,11.8,9999.9,1.3176470588235294,6.901843137254903,41.34313725490196
2022-12-10,0.7444444444444445,13.25,11.8,9999.9,1.2555555555555555,6.592592592592593,52.8462962962963
2022-12-11,0.6490566037735849,13.4,11.8,9999.9,1.2735849056603774,6.462264150943396,43.89245283018868
2022-12-12,0.6229166666666667,13.3,11.8,9999.9,1.2208333333333334,6.479166666666667,43.88333333333333
2022-12-13,0.7019230769230769,13.3,11.8,9999.9,1.2557692307692307,5.759615384615385,48.021153846153844
2022-12-14,0.8207547169811321,12.35,11.8,9999.9,1.260377358490566,5.056603773584905,48.41698113207547
2022-12-15,0.7907407407407407,13.149999999999999,11.8,9999.9,1.2703703703703704,6.861129629629629,48.57592592592592
2022-12-16,0.8875000000000001,13.05,11.8,9999.9,1.3645833333333333,5.145833333333333,56.681250000000006
2022-12-17,0.8314814814814815,13.45,11.8,9999.9,1.2833333333333332,4.648148148148148,45.946296296296296
2022-12-18,0.8226415094339623,13.7,11.8,9999.9,1.288679245283019,5.650943396226415,50.97924528301887
2022-12-19,0.7518518518518519,13.45,11.8,9999.9,1.237037037037037,6.194444444444445,42.32222222222222
2022-12-20,0.7111111111111111,13.25,11.8,9999.9,1.2185185185185186,6.537037037037037,44.281481481481485
2022-12-21,0.7960784313725491,13.25,11.8,9999.9,1.2647058823529411,6.068627450980392,55.131372549019616
2022-12-22,2.7260000000000004,13.25,11.8,9999.9,3.088,5.37,53.776
2022-12-23,0.6075471698113208,11.700000000000001,11.8,9999.9,1.1358490566037736,6.301830188679245,49.54716981132076
2022-12-24,0.4351851851851852,11.8,11.8,9999.9,1.1037037037037036,6.092574074074075,46.242592592592594
2022-12-25,0.4074074074074074,11.4,11.8,9999.9,1.0962962962962963,6.462962962962963,49.479629629629635
2022-12-26,0.45098039215686275,11.4,11.8,9999.9,1.1392156862745098,6.960627450980392,47.39607843137255
2022-12-27,0.2796296296296296,11.1,11.8,9999.9,1.024074074074074,6.75912962962963,45.0962962962963
2022-12-28,0.39814814814814814,10.25,11.8,9999.9,0.9685185185185184,5.435185185185185,44.262962962962966
2022-12-29,0.4537037037037037,10.1,11.8,9999.9,0.9481481481481482,40.90737037037037,55.21481481481482
2022-12-30,0.4849056603773585,10.25,11.8,9999.9,0.9735849056603774,4.235849056603773,54.54150943396227
2022-12-31,0.4818181818181818,15.5,11.8,9999.9,0.9527272727272728,4.181818181818182,52.160000000000004
2023-01-01,0.5754716981132075,10.3,11.8,9999.9,1.0037735849056604,4.613207547169812,55.12641509433963
2023-01-02,0.5833333333333334,11.5,11.8,9999.9,1.011111111111111,4.398148148148148,51.31296296296296
2023-01-03,0.5203703703703704,10.6,11.8,9999.9,1.011111111111111,4.398148148148148,54.77037037037038
2023-01-04,0.44680851063829785,11.05,11.8,9999.9,0.9085106382978724,5.5638297872340425,58.73829787234043
2023-01-05,0.2833333333333333,9.9,11.8,9999.9,0.9648148148148148,6.398148148148148,36.80740740740741
2023-01-06,0.23333333333333334,11.1,11.8,9999.9,1.0425925925925925,5.944444444444445,33.55185185185186
2023-01-07,1.855357142857143,11.35,11.8,9999.9,1.0785714285714285,7.303357142857143,41.933928571428574
2023-01-08,0.01481481481481482,11.6,11.8,9999.9,1.1240740740740742,7.25912962962963,38.02777777777778
2023-01-09,0.14444444444444443,11.85,11.8,9999.9,1.1388888888888888,7.3517222222222225,45.37222222222222
2023-01-10,0.3333333333333333,11.7,11.8,9999.9,1.1611111111111112,6.870314814814815,44.81851851851852
2023-01-11,0.31320754716981136,11.25,11.8,9999.9,1.1056603773584905,7.226283018867925,39.91509433962264
2023-01-12,0.39807692307692305,11.65,11.8,9999.9,1.1057692307692308,6.903846153846154,38.06923076923077
2023-01-13,0.4722222222222222,11.4,11.8,9999.9,1.0962962962962963,7.1850000000000005,51.59074074074074
2023-01-14,0.27636363636363637,11.5,11.8,9999.9,1.0618181818181818,7.399781818181818,46.20363636363637
2023-01-15,0.4537037037037037,10.75,11.8,9999.9,0.9962962962962962,24.194425925925927,50.74074074074074
2023-01-16,0.49074074074074076,10.1,11.8,9999.9,0.9462962962962963,4.287037037037037,54.17962962962964
2023-01-17,0.414,4.5,11.8,9999.9,0.966,4.91,48.526
2023-01-18,0.34181818181818185,9.95,11.8,9999.9,0.9109090909090909,4.409090909090909,42.53454545454546
2023-01-19,0.3851851851851852,9.25,11.8,9999.9,0.8796296296296297,3.675925925925926,51.035185185185185
2023-01-20,0.4849056603773585,10.65,11.8,9999.9,1.0207547169811322,4.009433962264151,51.75094339622642
2023-01-21,0.16296296296296298,11.9,11.8,9999.9,1.098148148148148,6.573870370370371,50.88703703703704
2023-01-22,-0.059259259259259255,11.25,11.8,9999.9,1.1333333333333333,7.323870370370371,44.76481481481482
2023-01-23,0.11636363636363636,13.15,11.8,9999.9,1.1981818181818182,7.099854545454546,33.63636363636363
2023-01-24,0.47962962962962963,12.85,11.8,9999.9,1.298148148148148,6.194444444444445,51.6462962962963
2023-01-25,0.6259259259259259,14.1,11.8,9999.9,1.3833333333333333,5.583333333333333,41.138888888888886
2023-01-26,0.6259259259259259,14.85,11.8,9999.9,1.3703703703703705,6.435185185185185,43.912962962962965
2023-01-27,0.4074074074074074,14.15,11.8,9999.9,1.3444444444444443,7.055351851851852,41.76851851851852
2023-01-28,0.3037735849056604,13.05,11.8,9999.9,1.2754716981132075,7.320509433962265,44.0245283018868
2023-01-29,0.5296296296296296,13.05,11.8,9999.9,1.3277777777777777,5.962962962962963,33.329629629629636
2023-01-30,0.7574074074074074,14.15,11.8,9999.9,1.3759259259259258,3.5462962962962963,60.46481481481482
2023-01-31,0.564,16.0,11.8,9999.9,1.534,6.1,50.584
2023-02-01,0.4055555555555555,14.4,11.8,9999.9,1.387037037037037,6.787037037037037,49.77777777777778
2023-02-02,0.5333333333333333,14.35,11.8,9999.9,1.3685185185185187,6.194444444444445,45.779629629629625
2023-02-03,0.5377358490566038,13.65,11.8,9999.9,1.3641509433962264,6.160377358490566,37.9188679245283
2023-02-04,0.6462962962962963,13.7,11.8,9999.9,1.348148148148148,5.953703703703703,41.63703703703704
2023-02-05,0.612962962962963,13.75,11.8,9999.9,1.3222222222222224,6.074074074074074,46.77777777777778
2023-02-06,0.7301886792452831,14.15,11.8,9999.9,1.341509433962264,4.80188679245283,31.720754716981133
2023-02-07,0.48,13.75,11.8,9999.9,1.2654545454545454,5.836363636363636,39.90181818181818
2023-02-08,0.6377358490566037,13.4,11.8,9999.9,1.2830188679245282,5.528301886792453,44.403773584905665
2023-02-09,0.7407407407407407,13.75,11.8,9999.9,1.274074074074074,4.722222222222222,46.281481481481485
2023-02-10,0.7160714285714286,14.2,11.8,9999.9,1.3357142857142856,5.196428571428571,46.25357142857143
2023-02-11,0.5678571428571428,14.65,11.8,9999.9,1.4160714285714284,6.678357142857143,41.955357142857146
2023-02-12,0.2980392156862745,14.049999999999999,11.8,9999.9,1.3470588235294119,7.068450980392156,41.11372549019608
2023-02-13,2.2607142857142857,13.0,11.8,9999.9,1.2214285714285715,5.660714285714286,42.558928571428574
2023-02-14,0.48,13.4,11.8,9999.9,1.3199999999999998,6.2,45.46
2023-02-15,0.5436363636363636,16.0,11.8,9999.9,1.5327272727272727,6.881818181818182,62.16727272727273
2023-02-16,2.5730769230769233,11.8,11.8,9999.9,1.6115384615384616,6.288461538461538,45.98461538461539
2023-02-17,0.7244897959183674,8.6,11.8,9999.9,1.5775510204081633,6.030612244897959,45.987755102040815
2023-02-18,0.75625,8.6,11.8,9999.9,1.6375,5.864583333333333,51.75208333333333
2023-02-19,0.792156862745098,8.6,11.8,9999.9,1.6215686274509804,6.147058823529412,39.543137254901964
2023-02-20,0.9309090909090909,16.75,11.8,9999.9,1.5927272727272725,5.4818181818181815,48.99818181818182
2023-02-21,1.0454545454545454,17.299999999999997,11.8,9999.9,1.629090909090909,3.8454545454545452,53.99454545454546
2023-02-22,0.7679245283018868,17.25,11.8,9999.9,1.6603773584905661,6.084830188679245,49.907547169811316
2023-02-23,0.9207547169811322,17.5,11.8,9999.9,1.6452830188679246,5.443396226415095,36.694339622641515
2023-02-24,0.9111111111111112,25.0,11.8,9999.9,1.5907407407407408,6.0092592592592595,44.02407407407408
2023-02-25,1.0035714285714286,16.5,11.8,9999.9,1.5535714285714286,5.017857142857143,46.62678571428571
2023-02-26,0.902,16.65,11.8,9999.9,1.314,5.0,40.65
2023-02-27,0.8571428571428571,14.4,11.8,9999.9,1.4107142857142858,5.883928571428571,45.14642857142858
2023-02-28,0.9875,16.2,11.8,9999.9,1.519642857142857,4.366071428571429,52.5125
2023-03-01,1.0618181818181818,17.35,11.8,9999.9,1.6327272727272726,4.1454545454545455,53.21454545454546
2023-03-02,3.1437500000000003,10.6,11.8,9999.9,3.747916666666667,4.1875,46.40416666666667
2023-03-03,1.25,10.6,11.8,9999.9,1.775,4.71875,42.284375000000004
2023-03-04,3.295833333333334,10.6,11.8,9999.9,3.8083333333333336,4.114583333333333,44.15625
2023-03-05,1.0999999999999999,10.6,11.8,9999.9,1.7854166666666667,4.78125,48.77708333333334
2023-03-06,1.03,10.6,11.8,9999.9,3.676,5.72,55.596000000000004
2023-03-07,2.6345454545454547,18.5,11.8,9999.9,1.7254545454545456,5.972727272727273,43.514545454545456
2023-03-08,0.8905660377358491,15.45,11.8,9999.9,1.411320754716981,5.0,43.984905660377365
2023-03-09,0.6946428571428571,16.9,11.8,9999.9,1.6392857142857142,6.740910714285714,33.392857142857146
2023-03-10,2.444642857142857,17.55,11.8,9999.9,1.7089285714285716,6.865964285714286,35.35178571428572
2023-03-11,0.7763636363636364,17.9,11.8,9999.9,1.5472727272727271,6.372727272727273,38.64727272727273
2023-03-12,0.9696428571428573,17.4,11.8,9999.9,1.7321428571428572,4.607142857142857,50.81785714285714
2023-03-13,1.0446428571428572,19.25,11.8,9999.9,1.7232142857142858,22.294625,40.721428571428575
2023-03-14,0.8740740740740741,18.5,12.733333333333334,9999.9,1.7759259259259261,5.662962962962963,46.394444444444446
2023-03-15,0.7062499999999999,18.5,12.733333333333334,9999.9,1.6583333333333332,7.541625,49.293749999999996
2023-03-16,0.9711538461538461,24.2,12.733333333333334,9999.9,1.7153846153846155,4.913461538461538,43.776923076923076
2023-03-17,1.0571428571428572,17.85,12.733333333333334,9999.9,1.5535714285714286,4.580357142857143,49.926785714285714
2023-03-18,1.025,17.25,12.733333333333334,9999.9,1.4785714285714284,5.910714285714286,55.471428571428575
2023-03-19,1.050909090909091,16.2,12.733333333333334,9999.9,1.5163636363636364,6.745454545454545,31.12727272727273
2023-03-20,1.0803571428571428,15.549999999999999,12.733333333333334,9999.9,1.3910714285714287,6.357142857142857,46.535714285714285
2023-03-21,1.051923076923077,15.9,12.733333333333334,9999.9,1.4769230769230768,8.268961538461538,44.19615384615385
2023-03-22,0.88,17.85,12.733333333333334,9999.9,1.6127272727272728,8.854054545454545,37.81636363636364
2023-03-23,1.0055555555555555,25.2,12.733333333333334,9999.9,1.6592592592592592,7.296129629629629,44.06296296296296
2023-03-24,0.9910714285714286,18.35,12.733333333333334,9999.9,1.7285714285714284,6.5625,42.471428571428575
2023-03-25,0.869090909090909,18.5,11.350000000000001,9999.9,1.7254545454545456,7.490672727272727,37.57818181818182
2023-03-26,2.3035714285714284,18.8,10.8,9999.9,1.8178571428571428,7.392660714285715,40.38392857142857
2023-03-27,2.4763636363636365,18.950000000000003,10.8,9999.9,1.8181818181818181,7.1817090909090915,35.59818181818182
2023-03-28,0.5854545454545453,18.45,10.8,9999.9,1.7672727272727273,7.054454545454545,33.18
2023-03-29,0.7240740740740741,27.0,10.8,9999.9,1.8407407407407408,6.148148148148148,40.9537037037037
2023-03-30,0.8482142857142857,19.0,10.8,9999.9,1.825,5.285714285714286,37.42142857142857
2023-03-31,1.0571428571428572,18.0,10.8,9999.9,1.4196428571428572,5.241071428571429,37.11607142857143
2023-04-01,0.9592592592592594,22.3,10.8,9999.9,1.3425925925925926,7.444185185185185,47.40555555555556
2023-04-02,1.0127272727272727,16.0,10.8,9999.9,1.4581818181818182,7.363418181818182,56.9
2023-04-03,1.0763636363636364,9.5,10.8,9999.9,1.6800000000000002,7.936072727272728,45.49272727272727
2023-04-04,0.9535714285714285,18.9,10.3,9999.9,1.7160714285714285,7.187321428571429,35.175000000000004
2023-04-05,0.9053571428571429,18.75,10.3,9999.9,1.8303571428571428,7.839035714285714,46.057142857142864
2023-04-06,0.7803571428571429,20.1,10.3,9999.9,1.8982142857142856,6.919553571428572,46.60892857142857
2023-04-07,0.9176470588235295,11.3,10.3,9999.9,1.93921568627451,5.833333333333333,40.28627450980392
2023-04-08,0.8645833333333334,11.3,10.3,9999.9,1.9708333333333332,5.1875,39.12083333333334
2023-04-09,0.5916666666666667,11.3,10.3,9999.9,2.0479166666666666,6.052083333333333,37.35208333333333
2023-04-10,4.294444444444444,29.5,10.3,9999.9,3.8537037037037036,6.4350555555555555,35.275925925925925
2023-04-11,0.7836734693877551,21.0,10.3,9999.9,2.0775510204081633,3.836734693877551,37.75102040816327
2023-04-12,0.8020833333333334,31.0,10.3,9999.9,2.1395833333333334,4.229166666666667,40.68125
2023-04-13,0.7254901960784313,31.0,9.8,9999.9,2.1411764705882352,5.137254901960785,44.556862745098044
2023-04-14,0.9964285714285713,22.35,9.8,9999.9,2.2089285714285714,4.910714285714286,46.698214285714286
2023-04-15,1.1839285714285714,23.05,9.8,9999.9,2.2339285714285713,3.982142857142857,56.419642857142854
2023-04-16,0.7963636363636363,23.6,9.8,9999.9,2.250909090909091,4.654545454545454,40.554545454545455
2023-04-17,0.7709090909090909,23.25,9.8,9999.9,2.321818181818182,5.290909090909091,34.907272727272726
2023-04-18,0.7555555555555556,23.75,9.8,9999.9,2.3814814814814813,5.194444444444445,35.18333333333334
2023-04-19,0.8854545454545455,24.099999999999998,9.8,9999.9,2.4,5.127272727272727,32.49090909090909
2023-04-20,0.780392156862745,15.8,9.8,9999.9,2.419607843137255,5.637254901960785,45.28235294117647
2023-04-21,0.8846153846153846,28.9,13.919999999999998,9999.9,1.9923076923076921,6.173076923076923,37.628846153846155
2023-04-22,0.7196428571428573,21.0,13.919999999999998,9999.9,2.0875,7.356946428571429,31.57321428571429
2023-04-23,2.6642857142857146,21.0,12.9,9999.9,1.8589285714285713,6.375,33.03214285714286
2023-04-24,1.0981818181818184,15.75,12.9,9999.9,1.4490909090909092,24.4818,36.86181818181819
2023-04-25,1.0464285714285715,19.0,12.9,9999.9,1.6375,7.116,49.90535714285715
2023-04-26,1.1071428571428572,19.85,12.9,9999.9,1.9196428571428572,6.794625000000001,39.885714285714286
2023-04-27,1.157142857142857,20.15,12.9,9999.9,1.9749999999999999,5.321428571428571,42.917857142857144
2023-04-28,1.1773584905660377,21.4,12.9,9999.9,2.1264150943396225,6.273584905660377,41.44716981132076
2023-04-29,3.1296296296296298,21.6,12.9,9999.9,1.8555555555555556,5.703703703703703,46.37407407407408
2023-04-30,1.4178571428571427,17.3,12.9,9999.9,1.6642857142857144,3.9910714285714284,67.90357142857144
2023-05-01,1.3294117647058823,14.2,12.9,9999.9,1.5666666666666669,6.264705882352941,57.67254901960785
2023-05-02,1.32,14.2,12.9,9999.9,1.6019999999999999,26.19998,63.82200000000001
2023-05-03,3.3510204081632655,12.2,12.9,9999.9,1.7142857142857142,6.122448979591836,57.66530612244899
2023-05-04,1.3619999999999999,18.5,12.9,9999.9,1.5420000000000003,25.38998,56.748000000000005
2023-05-05,1.331372549019608,12.3,12.9,9999.9,3.864705882352941,46.38203921568627,54.56666666666667
2023-05-06,1.3428571428571427,30.0,12.9,9999.9,2.1979591836734693,8.142530612244899,43.72653061224489
2023-05-07,1.23125,15.2,12.9,9999.9,2.225,8.124729166666667,49.79583333333334
2023-05-08,0.9957446808510638,15.2,12.9,9999.9,2.248936170212766,7.935829787234043,38.21063829787234
2023-05-09,0.7632653061224489,15.2,12.9,9999.9,2.259183673469388,7.79561224489796,38.648979591836735
2023-05-10,0.5791666666666667,15.2,8.2,9999.9,2.222916666666667,8.1663125,36.68333333333334
2023-05-11,0.5392156862745098,29.7,8.2,9999.9,2.219607843137255,8.078156862745098,34.88039215686275
2023-05-12,2.9192307692307695,22.25,8.2,9999.9,2.2653846153846153,6.5,33.11538461538461
2023-05-13,3.371153846153846,23.299999999999997,8.2,9999.9,2.35,5.8076923076923075,44.22115384615385
2023-05-14,1.4568627450980391,24.7,16.5,9999.9,2.1490196078431376,6.2254901960784315,35.76274509803922
2023-05-15,1.4333333333333333,21.6,12.4,9999.9,2.1037037037037036,7.2592592592592595,36.2037037037037
2023-05-16,1.5313725490196077,21.65,12.4,9999.9,2.16078431372549,6.764705882352941,43.30196078431373
2023-05-17,1.5574074074074074,23.6,9.8,9999.9,1.9722222222222223,5.518518518518518,47.75925925925926
2023-05-18,1.6645833333333335,20.5,9.8,9999.9,2.0791666666666666,5.645833333333333,41.47291666666667
2023-05-19,3.2054545454545456,23.0,13.4,9999.9,3.8254545454545457,6.690781818181818,40.77272727272727
2023-05-20,1.3865384615384615,13.6,10.3,9999.9,2.075,7.461538461538462,46.02307692307693
2023-05-21,1.5509090909090908,21.9,10.3,9999.9,2.2,7.1454545454545455,53.0309090909091
2023-05-22,1.761111111111111,23.35,10.3,9999.9,2.3444444444444446,6.314814814814815,32.635185185185186
2023-05-23,1.6821428571428572,21.85,10.3,9999.9,2.2160714285714285,6.3125,32.44285714285714
2023-05-24,1.6296296296296295,29.5,10.3,9999.9,2.227777777777778,7.833111111111111,35.742592592592594
2023-05-25,1.5703703703703704,22.05,10.3,9999.9,1.8814814814814813,7.759222222222222,39.15925925925926
2023-05-26,1.5555555555555556,20.6,12.9,9999.9,2.0388888888888888,7.888537037037037,33.775925925925925
2023-05-27,1.575,22.1,12.9,9999.9,1.9928571428571427,7.803339285714286,39.18928571428571
2023-05-28,1.569090909090909,20.95,12.9,9999.9,2.078181818181818,7.945254545454546,50.981818181818184
2023-05-29,1.7092592592592593,23.05,12.9,9999.9,2.3166666666666664,7.888740740740741,47.81851851851852
2023-05-30,1.669090909090909,24.700000000000003,12.9,9999.9,2.48,8.345145454545454,48.43818181818182
2023-05-31,1.588679245283019,25.3,12.9,9999.9,2.5283018867924527,8.320509433962265,48.47735849056604
2023-06-01,1.4673076923076922,25.299999999999997,12.9,9999.9,2.496153846153846,8.24973076923077,33.65384615384615
2023-06-02,1.401851851851852,18.0,12.9,9999.9,2.4611111111111112,8.258981481481483,38.1425925925926
2023-06-03,1.3678571428571427,24.6,12.9,9999.9,2.460714285714286,8.51757142857143,37.68928571428571
2023-06-04,1.375,24.8,12.9,9999.9,2.4839285714285713,115.05305357142858,44.00178571428571
2023-06-05,1.5018181818181817,24.95,12.9,9999.9,2.4472727272727273,8.090745454545454,39.556363636363635
2023-06-06,1.4107142857142858,25.4,12.9,9999.9,2.3839285714285716,8.142696428571428,35.8875
2023-06-07,1.5625,24.8,12.9,9999.9,2.4875000000000003,7.678571428571429,50.06964285714286
2023-06-08,1.5787234042553193,18.8,12.9,9999.9,2.595744680851064,7.531914893617022,33.95957446808511
2023-06-09,1.635185185185185,26.15,12.9,9999.9,2.664814814814815,7.333333333333333,33.42777777777778
2023-06-10,1.739622641509434,33.3,12.9,9999.9,2.5849056603773586,7.264150943396227,32.28867924528302
2023-06-11,1.8818181818181818,26.85,12.9,9999.9,2.549090909090909,6.872727272727273,33.74727272727273
2023-06-12,1.990909090909091,24.25,12.9,9999.9,2.3945454545454545,6.918181818181818,35.232727272727274
2023-06-13,1.9942307692307693,25.200000000000003,12.9,9999.9,2.3634615384615385,6.5,21.509615384615383
2023-06-14,1.9529411764705882,29.7,12.9,9999.9,2.2705882352941176,6.980392156862745,30.39607843137255
2023-06-15,1.9375,30.8,12.9,9999.9,2.4479166666666665,7.166666666666667,58.51458333333334
2023-06-16,1.8982142857142856,25.75,12.9,9999.9,2.5142857142857147,7.25,49.68035714285714
2023-06-17,1.9814814814814814,26.049999999999997,12.9,9999.9,4.403703703703704,7.518425925925926,44.196296296296296
2023-06-18,2.0,26.3,12.040000000000001,9999.9,2.474074074074074,7.5739074074074075,44.861111111111114
2023-06-19,2.0035714285714286,25.799999999999997,12.040000000000001,9999.9,2.4482142857142857,25.35703571428571,40.83392857142858
2023-06-20,1.93921568627451,19.5,12.040000000000001,9999.9,2.4941176470588236,7.744960784313726,58.366666666666674
2023-06-21,2.0,19.5,12.040000000000001,9999.9,2.59375,8.374666666666668,34.860416666666666
2023-06-22,2.0630434782608695,19.5,12.040000000000001,9999.9,2.5608695652173914,7.576086956521739,36.07173913043478
2023-06-23,2.119148936170213,19.5,12.040000000000001,9999.9,2.5531914893617023,7.468085106382978,41.54893617021277
2023-06-24,4.08125,19.5,12.040000000000001,9999.9,4.502083333333333,8.582770833333333,33.858333333333334
2023-06-25,2.095652173913044,19.5,12.040000000000001,9999.9,2.476086956521739,8.1955,38.01739130434783
2023-06-26,3.8454545454545452,26.3,12.040000000000001,9999.9,4.225454545454546,7.4363636363636365,35.92909090909091
2023-06-27,5.665454545454546,24.75,12.040000000000001,9999.9,4.087272727272728,7.109090909090909,50.50727272727273
2023-06-28,2.068421052631579,25.6,12.040000000000001,9999.9,2.407017543859649,25.683947368421055,33.94385964912281
2023-06-29,2.0340000000000003,25.049999999999997,11.3,9999.9,2.378,7.799980000000001,33.06
2023-06-30,2.0654545454545454,23.25,11.3,9999.9,2.2581818181818183,7.763345454545456,43.95090909090909
2023-07-01,2.0642857142857145,23.700000000000003,11.3,9999.9,2.289285714285714,7.473160714285714,33.99464285714286
2023-07-02,2.0903846153846155,25.35,11.3,9999.9,2.4038461538461537,26.326826923076926,46.56153846153847
2023-07-03,2.1054545454545455,25.55,11.3,9999.9,4.141818181818182,6.872727272727273,46.165454545454544
2023-07-04,3.9055555555555554,24.049999999999997,11.3,9999.9,4.062962962962963,6.268518518518518,47.21851851851852
2023-07-05,2.0145454545454546,23.9,11.3,9999.9,2.3363636363636364,7.727,56.82181818181819
2023-07-06,2.0679245283018868,25.65,11.3,9999.9,2.4981132075471697,8.018754716981132,42.91509433962264
2023-07-07,2.081818181818182,26.0,11.3,9999.9,2.4672727272727273,7.981800000000001,26.989090909090912
2023-07-08,2.036363636363636,30.8,11.3,9999.9,2.443636363636364,8.417909090909092,36.14181818181819
2023-07-09,2.105357142857143,26.0,11.3,9999.9,2.505357142857143,7.9820714285714285,31.95
2023-07-10,3.8625000000000003,26.5,11.3,9999.9,4.201785714285714,24.464267857142858,35.18928571428572
2023-07-11,2.1196428571428574,25.95,11.3,9999.9,2.455357142857143,6.839285714285714,46.41428571428572
2023-07-12,2.1285714285714286,25.299999999999997,11.3,9999.9,2.4232142857142853,6.410714285714286,51.246428571428574
2023-07-13,2.120754716981132,24.7,11.3,9999.9,2.3075471698113206,6.009433962264151,55.76792452830189
2023-07-14,3.857142857142857,23.8,11.3,9999.9,2.2767857142857144,6.089285714285714,60.01607142857143
2023-07-15,2.0982142857142856,24.950000000000003,11.3,9999.9,2.430357142857143,7.446428571428571,41.653571428571425
2023-07-16,2.1392857142857147,25.6,11.3,9999.9,2.376785714285714,6.535714285714286,37.26428571428572
2023-07-17,2.1,24.95,11.3,9999.9,2.269090909090909,6.390909090909091,58.07818181818182
2023-07-18,2.107142857142857,24.15,11.3,9999.9,2.3232142857142857,7.321428571428571,75.05535714285715
2023-07-19,2.125,26.05,11.3,9999.9,2.475,7.6070714285714285,56.612500000000004
2023-07-20,2.19811320754717,26.799999999999997,11.3,9999.9,2.505660377358491,7.509358490566037,51.109433962264156
2023-07-21,2.1454545454545455,26.2,11.3,9999.9,2.401818181818182,6.636345454545455,43.60909090909091
2023-07-22,2.14,26.3,11.3,9999.9,2.449090909090909,7.418018181818182,49.903636363636366
2023-07-23,2.12,25.75,11.3,9999.9,2.3945454545454545,7.163636363636364,56.20727272727273
2023-07-24,2.075925925925926,25.35,11.3,9999.9,2.3555555555555556,6.925907407407408,46.851851851851855
2023-07-25,3.82,23.4,11.3,9999.9,2.270909090909091,7.081818181818182,47.160000000000004
2023-07-26,2.0285714285714285,25.35,11.3,9999.9,2.375,7.589285714285714,46.84285714285715
2023-07-27,3.963461538461539,24.75,11.3,9999.9,2.3807692307692307,7.134615384615385,53.400000000000006
2023-07-28,2.0964285714285715,24.7,11.3,9999.9,2.3607142857142853,7.098214285714286,24.90357142857143
2023-07-29,2.132142857142857,23.5,11.3,9999.9,2.3267857142857147,7.035714285714286,53.58214285714286
2023-07-30,2.1660714285714286,24.0,11.3,9999.9,2.3392857142857144,7.446428571428571,56.8125
2023-07-31,3.9392857142857145,25.45,11.3,9999.9,2.4857142857142853,7.464089285714286,36.63392857142857
2023-08-01,2.192857142857143,26.35,11.3,9999.9,2.4517857142857147,7.714125,49.676785714285714
2023-08-02,2.174545454545455,25.7,11.3,9999.9,2.505454545454546,8.2544,47.405454545454546
2023-08-03,2.1767857142857143,25.8,11.3,9999.9,2.444642857142857,8.035660714285715,43.38214285714286
2023-08-04,2.098181818181818,29.7,11.3,9999.9,2.4363636363636365,8.527018181818182,35.08909090909091
2023-08-05,2.0946428571428575,25.05,7.2,9999.9,2.3660714285714284,6.714142857142858,45.035714285714285
2023-08-06,2.1107142857142858,22.85,7.2,9999.9,2.2410714285714284,6.553571428571429,56.471428571428575
2023-08-07,2.156,23.85,7.2,9999.9,2.2840000000000003,5.86,61.306000000000004
2023-08-08,2.1290909090909094,23.15,7.2,9999.9,2.3072727272727276,6.890909090909091,62.72727272727273
2023-08-09,2.1732142857142858,25.0,7.2,9999.9,2.367857142857143,7.107142857142857,56.3125
2023-08-10,2.1264150943396225,25.25,7.2,9999.9,2.458490566037736,7.999867924528302,45.45849056603774
2023-08-11,2.1792452830188678,25.9,7.2,9999.9,2.4132075471698116,6.613207547169812,48.696226415094344
2023-08-12,2.1892857142857145,24.1,7.2,9999.9,2.2714285714285714,5.991071428571429,53.526785714285715
2023-08-13,3.7625,21.8,7.2,9999.9,3.817857142857143,5.633928571428571,66.88571428571429
2023-08-14,1.9618181818181817,21.75,7.2,9999.9,2.190909090909091,6.490909090909091,79.05636363636364
2023-08-15,2.0732142857142857,24.9,7.2,9999.9,2.4250000000000003,6.892857142857143,60.13214285714286
2023-08-16,2.1125000000000003,24.4,7.2,9999.9,2.4482142857142857,7.339285714285714,46.183928571428574
2023-08-17,2.1061224489795918,26.3,7.2,9999.9,2.557142857142857,8.20395918367347,47.657142857142865
2023-08-18,2.164285714285714,26.05,7.2,9999.9,2.4660714285714285,24.928553571428573,41.739285714285714
2023-08-19,2.0964285714285715,26.55,7.2,9999.9,2.5160714285714287,7.571428571428571,38.1375
2023-08-20,2.123214285714286,26.1,7.2,9999.9,2.4125,6.312375,26.614285714285717
2023-08-21,2.061111111111111,22.4,7.2,9999.9,2.1277777777777778,5.074074074074074,40.61851851851852
2023-08-22,2.0381818181818185,23.75,7.2,9999.9,2.2218181818181817,6.290909090909091,65.23272727272727
2023-08-23,2.083636363636364,21.700000000000003,7.2,9999.9,2.132727272727273,4.754545454545455,78.18363636363637
2023-08-24,2.1,20.0,7.2,9999.9,2.25,6.048076923076923,60.00576923076923
2023-08-25,2.080357142857143,23.3,7.2,9999.9,2.157142857142857,5.821428571428571,40.769642857142856
2023-08-26,2.080701754385965,23.75,7.2,9999.9,2.2736842105263158,7.245614035087719,53.573684210526324
2023-08-27,2.0452830188679245,24.85,7.2,9999.9,2.4,7.811132075471698,52.096226415094335
2023-08-28,1.9254545454545453,24.450000000000003,7.2,9999.9,2.42,7.2727272727272725,40.42909090909091
2023-08-29,1.9410714285714286,25.2,7.2,9999.9,2.376785714285714,7.375,36.56785714285714
2023-08-30,2.0517857142857143,25.3,7.2,9999.9,2.475,6.785714285714286,43.596428571428575
2023-08-31,2.0555555555555554,25.35,7.2,9999.9,2.4074074074074074,6.87037037037037,41.90185185185186
2023-09-01,2.1074074074074076,30.9,7.2,9999.9,2.4722222222222223,7.037037037037037,50.5574074074074
2023-09-02,2.1625,26.1,7.2,9999.9,2.5357142857142856,6.964285714285714,41.489285714285714
2023-09-03,2.0654545454545454,25.75,7.2,9999.9,2.4654545454545453,6.927272727272728,35.99818181818182
2023-09-04,1.9482142857142857,24.95,7.2,9999.9,2.4499999999999997,8.999589285714286,35.33571428571429
2023-09-05,2.0185185185185186,25.0,7.2,9999.9,2.446296296296296,7.666611111111111,55.06296296296296
2023-09-06,1.95,25.5,7.2,9999.9,2.494444444444444,26.22201851851852,40.80555555555556
2023-09-07,2.019607843137255,17.7,7.2,9999.9,2.380392156862745,8.117372549019608,43.90784313725491
2023-09-08,2.0678571428571426,23.9,7.2,9999.9,2.332142857142857,25.642803571428573,51.81785714285714
2023-09-09,2.0535714285714284,24.1,7.2,9999.9,2.294642857142857,25.23203571428571,48.425000000000004
2023-09-10,2.0654545454545454,25.25,7.2,9999.9,2.4145454545454546,7.590690909090909,47.69090909090909
2023-09-11,2.080357142857143,25.15,7.2,9999.9,2.4339285714285714,7.071428571428571,41.25892857142857
2023-09-12,2.05,24.3,7.2,9999.9,2.2517857142857145,5.651785714285714,50.24285714285715
2023-09-13,2.094642857142857,25.2,7.2,9999.9,2.4517857142857147,7.481946428571429,32.56964285714286
2023-09-14,2.0924528301886793,19.2,7.2,9999.9,4.326415094339623,8.339452830188678,48.73962264150944
2023-09-15,2.09622641509434,26.35,7.2,9999.9,2.520754716981132,8.811283018867924,40.03207547169812
2023-09-16,2.0520833333333335,26.35,7.2,9999.9,2.5124999999999997,7.937354166666666,35.6
2023-09-17,1.9566037735849058,30.8,7.2,9999.9,2.3943396226415095,7.73566037735849,35.847169811320754
2023-09-18,1.8892857142857142,24.65,7.2,9999.9,2.444642857142857,26.46392857142857,34.36964285714286
2023-09-19,1.9382352941176473,25.0,7.2,9999.9,2.376470588235294,8.088000000000001,46.85
2023-09-20,1.9596153846153848,24.200000000000003,7.2,9999.9,2.4076923076923076,8.538153846153847,28.592307692307692
2023-09-21,1.9625,24.5,7.2,9999.9,2.3410714285714285,7.624946428571429,51.38928571428572
2023-09-22,1.9636363636363636,24.25,7.2,9999.9,2.2654545454545456,7.927272727272728,47.00181818181818
2023-09-23,1.9928571428571427,23.4,7.2,9999.9,2.280357142857143,7.410714285714286,40.096428571428575
2023-09-24,1.8928571428571428,23.4,7.2,9999.9,2.1928571428571426,9.24992857142857,46.698214285714286
2023-09-25,1.8714285714285714,23.35,7.2,9999.9,2.2464285714285714,8.499803571428572,40.03035714285715
2023-09-26,1.9714285714285715,24.3,7.2,9999.9,2.3910714285714287,8.196250000000001,34.658928571428575
2023-09-27,1.9714285714285715,24.85,7.2,9999.9,2.369642857142857,7.749821428571429,44.96785714285715
2023-09-28,1.98125,18.5,7.2,9999.9,2.404166666666667,7.666583333333333,52.208333333333336
2023-09-29,1.94,25.05,7.2,9999.9,2.352727272727273,7.781727272727273,46.127272727272725
2023-09-30,1.9218181818181819,23.25,7.2,9999.9,2.267272727272727,7.6181636363636365,49.232727272727274
2023-10-01,1.9836363636363636,24.55,7.2,9999.9,2.2545454545454544,6.872727272727273,56.223636363636366
2023-10-02,1.978181818181818,21.5,7.2,9999.9,2.0890909090909093,6.445454545454545,65.47272727272727
2023-10-03,1.9865384615384616,27.5,7.2,9999.9,2.1115384615384616,6.173076923076923,65.85000000000001
2023-10-04,1.961818181818182,20.55,7.2,9999.9,2.0163636363636366,6.127272727272727,62.401818181818186
2023-10-05,1.9040000000000001,22.9,7.2,9999.9,2.272,8.57966,41.338
2023-10-06,1.8745454545454545,22.700000000000003,7.2,9999.9,2.1763636363636363,7.8,36.36181818181819
2023-10-07,1.8732142857142855,23.15,7.2,9999.9,2.210714285714286,7.642767857142857,59.93571428571429
2023-10-08,1.7482142857142857,28.5,7.2,9999.9,2.167857142857143,7.339285714285714,50.589285714285715
2023-10-09,1.780357142857143,22.2,7.2,9999.9,2.167857142857143,6.017857142857143,52.65714285714286
2023-10-10,1.790909090909091,22.8,7.2,9999.9,2.194545454545455,5.6909090909090905,37.66909090909091
2023-10-11,3.4321428571428574,21.95,7.2,9999.9,3.894642857142857,6.535714285714286,55.29821428571429
2023-10-12,1.6807692307692308,21.6,7.2,9999.9,2.1115384615384616,6.576923076923077,33.63076923076923
2023-10-13,1.6946428571428573,21.6,7.2,9999.9,2.1107142857142858,6.464285714285714,40.417857142857144
2023-10-14,1.5732142857142857,21.9,7.2,9999.9,2.0339285714285715,6.589285714285714,45.7
2023-10-15,1.4982142857142857,19.95,7.2,9999.9,1.9589285714285716,7.499875,37.78035714285715
2023-10-16,1.518181818181818,20.55,7.2,9999.9,1.9745454545454544,6.763636363636364,36.30727272727273
2023-10-17,1.3444444444444443,19.2,7.2,9999.9,1.8962962962962964,8.647777777777778,45.91111111111112
2023-10-18,1.3660714285714286,19.45,7.2,9999.9,1.8142857142857143,7.874892857142858,48.69464285714286
2023-10-19,1.3055555555555556,18.45,7.2,9999.9,1.8111111111111111,8.240518518518519,56.898148148148145
2023-10-20,1.3071428571428572,18.65,7.2,9999.9,1.8035714285714286,26.07117857142857,50.81964285714286
2023-10-21,2.98,19.2,7.2,9999.9,1.790909090909091,8.090618181818183,39.31818181818182
2023-10-22,1.1928571428571428,18.05,7.2,9999.9,1.8071428571428572,8.214053571428572,44.948214285714286
2023-10-23,2.9017857142857144,18.25,7.2,9999.9,1.7910714285714284,8.410428571428572,54.13392857142857
2023-10-24,1.2054545454545453,18.25,7.2,9999.9,1.8327272727272728,8.308836363636363,49.81636363636364
2023-10-25,1.2035714285714287,18.85,7.2,9999.9,1.8571428571428572,8.606839285714285,54.24285714285715
2023-10-26,1.239622641509434,18.65,7.2,9999.9,1.8660377358490567,8.678962264150943,42.800000000000004
2023-10-27,1.2654545454545454,18.7,7.2,9999.9,1.7963636363636364,8.345236363636364,46.45818181818182
2023-10-28,1.1892857142857143,18.25,7.2,9999.9,1.7553571428571428,8.499732142857143,53.53035714285715
2023-10-29,2.9464285714285716,11.2,7.2,9999.9,1.7910714285714284,7.339285714285714,55.11607142857143
2023-10-30,1.2732142857142856,18.7,7.2,9999.9,1.8392857142857142,7.410714285714286,61.751785714285724
2023-10-31,1.2517857142857143,19.05,7.2,9999.9,1.8589285714285713,8.214071428571428,55.598214285714285
2023-11-01,1.2592592592592593,17.75,7.2,9999.9,1.7203703703703705,6.574074074074074,62.51851851851852
2023-11-02,1.2055555555555555,25.2,7.2,9999.9,1.7185185185185186,8.018314814814815,52.829629629629636
2023-11-03,1.2763636363636364,18.0,7.2,9999.9,1.7854545454545454,8.254290909090908,49.50909090909091
2023-11-04,1.238181818181818,18.0,7.2,9999.9,1.6890909090909092,7.781818181818182,48.165454545454544
2023-11-05,1.1321428571428571,17.25,7.2,9999.9,1.6803571428571427,5.982017857142857,42.38035714285714
2023-11-06,1.2361702127659575,17.25,7.2,9999.9,1.7234042553191489,4.74468085106383,50.834042553191495
2023-11-07,1.155357142857143,17.1,7.2,9999.9,1.6321428571428573,5.964285714285714,50.728571428571435
2023-11-08,0.9392857142857143,16.85,7.2,9999.9,1.592857142857143,6.955285714285714,45.12857142857143
2023-11-09,0.9230769230769231,8.4,7.2,9999.9,1.5769230769230769,7.288365384615385,46.675
2023-11-10,1.0692307692307692,23.4,7.2,9999.9,1.5865384615384615,6.519230769230769,48.21346153846154
2023-11-11,1.1178571428571429,16.45,7.2,9999.9,1.5,5.5625,51.79821428571429
2023-11-12,1.0339285714285715,15.95,7.2,9999.9,1.5517857142857143,6.035714285714286,50.175000000000004
2023-11-13,1.1079999999999999,16.9,7.2,9999.9,1.5519999999999998,6.28,61.428000000000004
2023-11-14,1.0547169811320756,16.4,7.2,9999.9,1.6660377358490566,7.018867924528302,57.89622641509434
2023-11-15,1.1272727272727272,16.55,7.2,9999.9,1.6145454545454545,7.363636363636363,54.32000000000001
2023-11-16,1.0909090909090908,16.799999999999997,7.2,9999.9,1.6199999999999999,7.127218181818182,51.32181818181819
2023-11-17,1.0857142857142859,16.55,7.2,9999.9,1.6017857142857144,7.749821428571429,52.70892857142858
2023-11-18,1.0625,16.85,7.2,9999.9,1.5785714285714287,8.321160714285714,54.44107142857143
2023-11-19,1.0982142857142858,16.3,7.2,9999.9,1.5999999999999999,7.321428571428571,57.346428571428575
2023-11-20,1.1410714285714285,16.5,7.2,9999.9,1.6303571428571428,7.99975,43.62857142857143
2023-11-21,1.1714285714285713,16.75,7.2,9999.9,1.6035714285714284,7.5891785714285716,53.33571428571429
2023-11-22,1.1107142857142858,16.15,7.2,9999.9,1.5482142857142858,7.142857142857143,47.551785714285714
2023-11-23,1.0946428571428573,16.15,7.2,9999.9,1.5696428571428573,7.249910714285714,52.3875
2023-11-24,1.1535714285714285,16.549999999999997,7.2,9999.9,1.605357142857143,6.857142857142857,58.932142857142864
2023-11-25,1.1648148148148147,17.05,7.2,9999.9,1.5944444444444443,6.925925925925926,49.092592592592595
2023-11-26,1.0936170212765957,17.05,7.2,9999.9,1.6212765957446809,6.617021276595745,57.376595744680856
2023-11-27,1.1041666666666667,17.05,7.2,9999.9,1.5916666666666668,7.0625,51.18958333333333
2023-11-28,1.1229166666666666,17.05,7.2,9999.9,1.5979166666666667,7.354083333333333,51.43958333333333
2023-11-29,1.06875,17.05,7.2,9999.9,1.5354166666666667,6.854166666666667,48.50416666666667
2023-11-30,1.0375,17.05,7.2,9999.9,1.4083333333333332,5.6875,55.993750000000006
2023-12-01,0.9770833333333333,17.05,7.2,9999.9,1.5250000000000001,7.260270833333333,61.489583333333336
2023-12-02,0.7687499999999999,17.05,7.2,9999.9,1.4583333333333333,7.9372291666666674,53.99791666666667
2023-12-03,0.6729166666666666,17.05,7.2,9999.9,1.4437499999999999,7.833145833333333,50.50208333333333
2023-12-04,0.75625,17.05,7.2,9999.9,1.3666666666666665,6.375,72.72500000000001
2023-12-05,0.86875,17.05,7.2,9999.9,1.45,6.875,50.93958333333333
2023-12-06,0.9708333333333333,17.05,7.2,9999.9,1.4104166666666667,6.291666666666667,61.177083333333336
2023-12-07,1.00625,17.05,7.2,9999.9,1.2166666666666666,3.3229166666666665,57.26250000000001
2023-12-08,0.8729166666666667,17.05,7.2,9999.9,1.2729166666666667,6.09375,49.92083333333334
2023-12-09,0.7687499999999999,17.05,7.2,9999.9,1.2708333333333333,6.770833333333333,57.95208333333334
2023-12-10,0.7333333333333334,17.05,7.2,9999.9,1.25,6.90625,59.78333333333334
2023-12-11,0.7574468085106383,17.05,7.2,9999.9,1.253191489361702,6.053191489361702,60.289361702127664
2023-12-12,0.6791666666666667,17.05,7.2,9999.9,1.2562499999999999,6.656125,42.447916666666664
2023-12-13,0.6680851063829787,17.05,7.2,9999.9,1.151063829787234,7.106297872340425,53.40425531914894
2023-12-14,0.7062499999999999,17.05,7.2,9999.9,1.1458333333333333,6.5207291666666665,57.493750000000006
2023-12-15,0.7541666666666668,17.05,7.2,9999.9,1.15625,5.677083333333333,58.01458333333334
2023-12-16,0.7565217391304347,17.05,7.2,9999.9,1.2434782608695654,5.206521739130435,69.17826086956522
2023-12-17,0.75625,17.05,7.2,9999.9,1.2791666666666666,6.53125,54.01666666666667
2023-12-18,0.65625,17.05,7.2,9999.9,1.1833333333333333,6.875,58.32708333333334
2023-12-19,0.5770833333333333,17.05,7.2,9999.9,1.1083333333333334,6.697916666666667,54.03958333333333
2023-12-20,0.5727272727272728,17.05,7.2,9999.9,1.05,5.988636363636363,74.63409090909092
2023-12-21,0.5375,17.05,7.2,9999.9,1.1791666666666667,6.520833333333333,61.53125
2023-12-22,0.5645833333333333,17.05,7.2,9999.9,1.20625,6.239583333333333,65.8375
2023-12-23,0.60625,17.05,7.2,9999.9,1.1833333333333333,5.927083333333333,61.300000000000004
2023-12-24,0.6297872340425531,17.05,7.2,9999.9,1.15531914893617,6.787148936170213,47.64468085106383
2023-12-25,0.7041666666666666,17.05,7.2,9999.9,1.20625,7.208145833333333,49.739583333333336
2023-12-26,0.8333333333333334,17.05,7.2,9999.9,1.2895833333333333,6.791666666666667,49.918749999999996
2023-12-27,0.8531914893617022,17.05,7.2,9999.9,1.34468085106383,6.808404255319149,49.23829787234043
2023-12-28,0.8145833333333333,17.05,7.2,9999.9,1.3187499999999999,6.770833333333333,54.99583333333334
2023-12-29,0.8145833333333333,17.05,7.2,9999.9,1.2958333333333334,6.572916666666667,46.96458333333334
2023-12-30,0.8022222222222223,17.05,7.2,9999.9,1.24,6.910977777777778,48.317777777777785
2023-12-31,0.8022222222222223,17.05,7.2,9999.9,1.24,6.910977777777778,48.317777777777785
